mod_num,formula,feature,estimate,estimate_se,ci_lwr,ci_upr,RMSE,pvalue,pvalue < 0.05,num_coefs
0,y ~ 1,Intercept,-0.8368968237235109,0.012264347895474127,-0.8609354062163813,-0.8128582412306405,2.2022958075194743,0.0,True,1
1,y ~ playlist_genre + mode + key + release_month + bin_year,Intercept,-2.240167990661637,0.06010438345398585,-2.3579748435801213,-2.122361137743153,2.157828765550314,1.0278955718605984e-297,True,30
1,y ~ playlist_genre + mode + key + release_month + bin_year,playlist_genre[T.latin],0.8684209419853882,0.04187079508120328,0.7863526082924288,0.9504892756783476,2.157828765550314,6.241994866698115e-95,True,30
1,y ~ playlist_genre + mode + key + release_month + bin_year,playlist_genre[T.pop],0.9853231750839041,0.04084543595582399,0.9052645838544817,1.0653817663133265,2.157828765550314,1.931959258072673e-127,True,30
1,y ~ playlist_genre + mode + key + release_month + bin_year,playlist_genre[T.r&b],0.6274122036819835,0.042578867110870805,0.5439560221705935,0.7108683851933735,2.157828765550314,5.5243917710702385e-49,True,30
1,y ~ playlist_genre + mode + key + release_month + bin_year,playlist_genre[T.rap],0.7440863263089756,0.04092377734819786,0.6638741830030083,0.824298469614943,2.157828765550314,1.6650212506206928e-73,True,30
1,y ~ playlist_genre + mode + key + release_month + bin_year,playlist_genre[T.rock],0.9486549021478562,0.047208890509324454,0.8561237005769334,1.0411861037187788,2.157828765550314,2.8899174756911964e-89,True,30
1,y ~ playlist_genre + mode + key + release_month + bin_year,mode[T.minor],-0.02991432619156773,0.025665447442712132,-0.08021956880811368,0.020390916424978218,2.157828765550314,0.24380563135735997,False,30
1,y ~ playlist_genre + mode + key + release_month + bin_year,key[T.A♯/B♭],0.0533937726933613,0.06079046459839788,-0.0657578250810743,0.1725453704677969,2.157828765550314,0.37977403117549857,False,30
1,y ~ playlist_genre + mode + key + release_month + bin_year,key[T.B],0.053943836506537154,0.056287816428329626,-0.056382401448327166,0.16427007446140146,2.157828765550314,0.33788984029449876,False,30
1,y ~ playlist_genre + mode + key + release_month + bin_year,key[T.C],0.12223749411436928,0.05451537966395423,0.015385298903291558,0.229089689325447,2.157828765550314,0.02495153920194536,True,30
1,y ~ playlist_genre + mode + key + release_month + bin_year,key[T.C♯/D♭],0.12223617029356658,0.05282693544345848,0.018693389280161926,0.22577895130697123,2.157828765550314,0.02067954697300772,True,30
1,y ~ playlist_genre + mode + key + release_month + bin_year,key[T.D],0.03468993260146298,0.05735450099471127,-0.07772704723611847,0.14710691243904445,2.157828765550314,0.545293787631838,False,30
1,y ~ playlist_genre + mode + key + release_month + bin_year,key[T.D♯/E♭],0.012764579975379305,0.08228605048064927,-0.1485191748715218,0.1740483348222804,2.157828765550314,0.8767241631850455,False,30
1,y ~ playlist_genre + mode + key + release_month + bin_year,key[T.E],0.031963319705096346,0.06113734198256767,-0.0878681707931191,0.1517948102033118,2.157828765550314,0.6011088692741373,False,30
1,y ~ playlist_genre + mode + key + release_month + bin_year,key[T.F],0.07798688125132365,0.05789064022925938,-0.035480951657508294,0.19145471416015558,2.157828765550314,0.1779441545472535,False,30
1,y ~ playlist_genre + mode + key + release_month + bin_year,key[T.F♯/G♭],0.11417792419592368,0.05797664133400004,0.0005415258861211775,0.2278143225057262,2.157828765550314,0.04891825093040923,True,30
1,y ~ playlist_genre + mode + key + release_month + bin_year,key[T.G],0.011602383216133024,0.05487978959427052,-0.09596406916881077,0.11916883560107681,2.157828765550314,0.8325651812418725,False,30
1,y ~ playlist_genre + mode + key + release_month + bin_year,key[T.G♯/A♭],0.19973599679608708,0.0595442386834042,0.0830270487026562,0.31644494488951797,2.157828765550314,0.0007962513349486606,True,30
1,y ~ playlist_genre + mode + key + release_month + bin_year,release_month[T.2],0.1601251502343473,0.061011293316867735,0.04054071986331963,0.279709580605375,2.157828765550314,0.008681301013031719,True,30
1,y ~ playlist_genre + mode + key + release_month + bin_year,release_month[T.3],0.14717085335841076,0.05587754834873513,0.03764875627535058,0.25669295044147095,2.157828765550314,0.008447302770381939,True,30
1,y ~ playlist_genre + mode + key + release_month + bin_year,release_month[T.4],0.0014566268229359138,0.05734106869362681,-0.11093402519914727,0.1138472788450191,2.157828765550314,0.9797337916458895,False,30
1,y ~ playlist_genre + mode + key + release_month + bin_year,release_month[T.5],0.24593813128121184,0.05432180455323048,0.13946535057016257,0.3524109119922611,2.157828765550314,5.9919179628198134e-06,True,30
1,y ~ playlist_genre + mode + key + release_month + bin_year,release_month[T.6],0.2356527401656404,0.05286039125838426,0.13204438449625,0.3392610958350308,2.157828765550314,8.2998714402429e-06,True,30
1,y ~ playlist_genre + mode + key + release_month + bin_year,release_month[T.7],0.20385845607447683,0.056287748233800235,0.09353235178345586,0.3141845603654978,2.157828765550314,0.000293100077996779,True,30
1,y ~ playlist_genre + mode + key + release_month + bin_year,release_month[T.8],0.22042409707348296,0.053595058616421665,0.11537576574144255,0.3254724284055234,2.157828765550314,3.9191093474608755e-05,True,30
1,y ~ playlist_genre + mode + key + release_month + bin_year,release_month[T.9],0.2556010892976012,0.05158544181796296,0.15449168249973871,0.35671049609546374,2.157828765550314,7.273110756174668e-07,True,30
1,y ~ playlist_genre + mode + key + release_month + bin_year,release_month[T.10],0.37516681466445556,0.04840425283595937,0.2802926579593871,0.470040971369524,2.157828765550314,9.406690920495555e-15,True,30
1,y ~ playlist_genre + mode + key + release_month + bin_year,release_month[T.11],0.5033063928102993,0.04714543536676896,0.41089956570620195,0.5957132199143967,2.157828765550314,1.46643785145974e-26,True,30
1,y ~ playlist_genre + mode + key + release_month + bin_year,release_month[T.12],0.42695216599860997,0.052908807191032976,0.32324891327964206,0.5306554187175778,2.157828765550314,7.296656895996036e-16,True,30
1,y ~ playlist_genre + mode + key + release_month + bin_year,bin_year[T.recent],0.610612001241214,0.03247594699511582,0.546957923265835,0.6742660792165929,2.157828765550314,1.9157755709526254e-78,True,30
2,y ~ danceability + energy + loudness + log_speechiness + logit_acousticness + instrumentalness + sqrt_liveness + valence + tempo + duration_ms,Intercept,1.669544050829633,0.15606231916507177,1.3636560403998808,1.9754320612593854,2.1425388426545378,1.1537864707695435e-26,True,11
2,y ~ danceability + energy + loudness + log_speechiness + logit_acousticness + instrumentalness + sqrt_liveness + valence + tempo + duration_ms,danceability,0.42555846198300795,0.09432965021318762,0.24066880263015444,0.6104481213358615,2.1425388426545378,6.462935976288219e-06,True,11
2,y ~ danceability + energy + loudness + log_speechiness + logit_acousticness + instrumentalness + sqrt_liveness + valence + tempo + duration_ms,energy,-1.8222194232693343,0.10697684295799191,-2.031898055687094,-1.6125407908515745,2.1425388426545378,8.86740251514016e-65,True,11
2,y ~ danceability + energy + loudness + log_speechiness + logit_acousticness + instrumentalness + sqrt_liveness + valence + tempo + duration_ms,loudness,0.09139830342289958,0.00576190801509157,0.08010474717918288,0.10269185966661627,2.1425388426545378,1.884917352541909e-56,True,11
2,y ~ danceability + energy + loudness + log_speechiness + logit_acousticness + instrumentalness + sqrt_liveness + valence + tempo + duration_ms,log_speechiness,-0.10258108483604528,0.018105838961158482,-0.13806920962247865,-0.0670929600496119,2.1425388426545378,1.4772760667208745e-08,True,11
2,y ~ danceability + energy + loudness + log_speechiness + logit_acousticness + instrumentalness + sqrt_liveness + valence + tempo + duration_ms,logit_acousticness,0.0476612309308581,0.005838789365663793,0.03621698435079689,0.0591054775109193,2.1425388426545378,3.389722009240609e-16,True,11
2,y ~ danceability + energy + loudness + log_speechiness + logit_acousticness + instrumentalness + sqrt_liveness + valence + tempo + duration_ms,instrumentalness,-0.727493047091619,0.05685566304380929,-0.8389322833094259,-0.6160538108738121,2.1425388426545378,2.1444067138283015e-37,True,11
2,y ~ danceability + energy + loudness + log_speechiness + logit_acousticness + instrumentalness + sqrt_liveness + valence + tempo + duration_ms,sqrt_liveness,-0.4032680001052198,0.08286843768137783,-0.5656932521801089,-0.24084274803033068,2.1425388426545378,1.1420645374315009e-06,True,11
2,y ~ danceability + energy + loudness + log_speechiness + logit_acousticness + instrumentalness + sqrt_liveness + valence + tempo + duration_ms,valence,-0.01495887661714149,0.05798539014837765,-0.1286124204153674,0.09869466718108444,2.1425388426545378,0.7964265759978076,False,11
2,y ~ danceability + energy + loudness + log_speechiness + logit_acousticness + instrumentalness + sqrt_liveness + valence + tempo + duration_ms,tempo,0.0019390025289587195,0.00045884371847696066,0.0010396515972668136,0.0028383534606506253,2.1425388426545378,2.3869966921737727e-05,True,11
2,y ~ danceability + energy + loudness + log_speechiness + logit_acousticness + instrumentalness + sqrt_liveness + valence + tempo + duration_ms,duration_ms,-4.463644828812469e-06,2.0430871866060916e-07,-4.8640975953668495e-06,-4.063192062258089e-06,2.1425388426545378,4.753109908093974e-105,True,11
3,y ~ playlist_genre + mode + key + release_month + bin_year + danceability + energy + loudness + log_speechiness + logit_acousticness + instrumentalness + sqrt_liveness + valence + tempo + duration_ms,Intercept,0.2256755282413346,0.1814162135693842,-0.12990708005022364,0.5812581365328928,2.1167035166801114,0.21352127905793342,False,40
3,y ~ playlist_genre + mode + key + release_month + bin_year + danceability + energy + loudness + log_speechiness + logit_acousticness + instrumentalness + sqrt_liveness + valence + tempo + duration_ms,playlist_genre[T.latin],0.48743457051007105,0.04456190259353844,0.4000915638245935,0.5747775771955487,2.1167035166801114,8.45582132195007e-28,True,40
3,y ~ playlist_genre + mode + key + release_month + bin_year + danceability + energy + loudness + log_speechiness + logit_acousticness + instrumentalness + sqrt_liveness + valence + tempo + duration_ms,playlist_genre[T.pop],0.687714512077307,0.042577597670377505,0.6042608177434705,0.7711682064111436,2.1167035166801114,1.86607884386117e-58,True,40
3,y ~ playlist_genre + mode + key + release_month + bin_year + danceability + energy + loudness + log_speechiness + logit_acousticness + instrumentalness + sqrt_liveness + valence + tempo + duration_ms,playlist_genre[T.r&b],0.21186369247047843,0.047083155738369284,0.11957893470463578,0.3041484502363211,2.1167035166801114,6.826265914046552e-06,True,40
3,y ~ playlist_genre + mode + key + release_month + bin_year + danceability + energy + loudness + log_speechiness + logit_acousticness + instrumentalness + sqrt_liveness + valence + tempo + duration_ms,playlist_genre[T.rap],0.34409952214230055,0.04532850251776127,0.2552539507454996,0.4329450935391015,2.1167035166801114,3.2541230871911486e-14,True,40
3,y ~ playlist_genre + mode + key + release_month + bin_year + danceability + energy + loudness + log_speechiness + logit_acousticness + instrumentalness + sqrt_liveness + valence + tempo + duration_ms,playlist_genre[T.rock],0.9348534629881704,0.050585792314889674,0.8357034056701452,1.0340035203061955,2.1167035166801114,7.315360356833482e-76,True,40
3,y ~ playlist_genre + mode + key + release_month + bin_year + danceability + energy + loudness + log_speechiness + logit_acousticness + instrumentalness + sqrt_liveness + valence + tempo + duration_ms,mode[T.minor],-0.018034907412448505,0.025212243280155863,-0.06745185339567165,0.03138203857077464,2.1167035166801114,0.47441442232889397,False,40
3,y ~ playlist_genre + mode + key + release_month + bin_year + danceability + energy + loudness + log_speechiness + logit_acousticness + instrumentalness + sqrt_liveness + valence + tempo + duration_ms,key[T.A♯/B♭],0.07278877878045552,0.059686582929917874,-0.044199170756444486,0.18977672831735554,2.1167035166801114,0.22265710953599152,False,40
3,y ~ playlist_genre + mode + key + release_month + bin_year + danceability + energy + loudness + log_speechiness + logit_acousticness + instrumentalness + sqrt_liveness + valence + tempo + duration_ms,key[T.B],0.08708754887246803,0.05529127647771118,-0.021285434549958265,0.19546053229489432,2.1167035166801114,0.11525045237525676,False,40
3,y ~ playlist_genre + mode + key + release_month + bin_year + danceability + energy + loudness + log_speechiness + logit_acousticness + instrumentalness + sqrt_liveness + valence + tempo + duration_ms,key[T.C],0.10669138926637171,0.05349971064678069,0.0018299423188517933,0.21155283621389165,2.1167035166801114,0.04613399075114572,True,40
3,y ~ playlist_genre + mode + key + release_month + bin_year + danceability + energy + loudness + log_speechiness + logit_acousticness + instrumentalness + sqrt_liveness + valence + tempo + duration_ms,key[T.C♯/D♭],0.1268743918036315,0.05201085980282638,0.024931148560368044,0.22881763504689495,2.1167035166801114,0.014717737500067414,True,40
3,y ~ playlist_genre + mode + key + release_month + bin_year + danceability + energy + loudness + log_speechiness + logit_acousticness + instrumentalness + sqrt_liveness + valence + tempo + duration_ms,key[T.D],0.057338842510756195,0.05632254299553931,-0.0530554621102455,0.16773314713175788,2.1167035166801114,0.308664562643663,False,40
3,y ~ playlist_genre + mode + key + release_month + bin_year + danceability + energy + loudness + log_speechiness + logit_acousticness + instrumentalness + sqrt_liveness + valence + tempo + duration_ms,key[T.D♯/E♭],-0.035482356686511576,0.08083188706148642,-0.19391589836915296,0.1229511849961298,2.1167035166801114,0.6606899550192318,False,40
3,y ~ playlist_genre + mode + key + release_month + bin_year + danceability + energy + loudness + log_speechiness + logit_acousticness + instrumentalness + sqrt_liveness + valence + tempo + duration_ms,key[T.E],0.03237750250638481,0.06005178425892884,-0.08532625538394882,0.15008126039671843,2.1167035166801114,0.5897803860005973,False,40
3,y ~ playlist_genre + mode + key + release_month + bin_year + danceability + energy + loudness + log_speechiness + logit_acousticness + instrumentalness + sqrt_liveness + valence + tempo + duration_ms,key[T.F],0.07306841445360575,0.05682899240819314,-0.03831855008227342,0.1844553789894849,2.1167035166801114,0.19853626795205423,False,40
3,y ~ playlist_genre + mode + key + release_month + bin_year + danceability + energy + loudness + log_speechiness + logit_acousticness + instrumentalness + sqrt_liveness + valence + tempo + duration_ms,key[T.F♯/G♭],0.14214473492166535,0.056951501562744554,0.03051764783081773,0.25377182201251297,2.1167035166801114,0.012569084795302901,True,40
3,y ~ playlist_genre + mode + key + release_month + bin_year + danceability + energy + loudness + log_speechiness + logit_acousticness + instrumentalness + sqrt_liveness + valence + tempo + duration_ms,key[T.G],0.047729483795456565,0.0539054383220321,-0.057927204669805596,0.1533861722607187,2.1167035166801114,0.375931453334008,False,40
3,y ~ playlist_genre + mode + key + release_month + bin_year + danceability + energy + loudness + log_speechiness + logit_acousticness + instrumentalness + sqrt_liveness + valence + tempo + duration_ms,key[T.G♯/A♭],0.1844589397021078,0.05847175510456424,0.06985209843698416,0.29906578096723146,2.1167035166801114,0.001608288976678648,True,40
3,y ~ playlist_genre + mode + key + release_month + bin_year + danceability + energy + loudness + log_speechiness + logit_acousticness + instrumentalness + sqrt_liveness + valence + tempo + duration_ms,release_month[T.2],0.14310227066985154,0.05989646674570545,0.02570294095260514,0.2605016003870979,2.1167035166801114,0.016892643586014656,True,40
3,y ~ playlist_genre + mode + key + release_month + bin_year + danceability + energy + loudness + log_speechiness + logit_acousticness + instrumentalness + sqrt_liveness + valence + tempo + duration_ms,release_month[T.3],0.1544888732049501,0.05487215905639561,0.04693737570662963,0.2620403707032706,2.1167035166801114,0.0048741171428392065,True,40
3,y ~ playlist_genre + mode + key + release_month + bin_year + danceability + energy + loudness + log_speechiness + logit_acousticness + instrumentalness + sqrt_liveness + valence + tempo + duration_ms,release_month[T.4],0.010093503322534541,0.056298286674499626,-0.10025325799606244,0.12044026464113153,2.1167035166801114,0.857714145668711,False,40
3,y ~ playlist_genre + mode + key + release_month + bin_year + danceability + energy + loudness + log_speechiness + logit_acousticness + instrumentalness + sqrt_liveness + valence + tempo + duration_ms,release_month[T.5],0.2247827399684417,0.05331896220134712,0.12027556677852796,0.32928991315835543,2.1167035166801114,2.495589364210354e-05,True,40
3,y ~ playlist_genre + mode + key + release_month + bin_year + danceability + energy + loudness + log_speechiness + logit_acousticness + instrumentalness + sqrt_liveness + valence + tempo + duration_ms,release_month[T.6],0.21916043806932517,0.05189793811996978,0.11743852557557306,0.3208823505630773,2.1167035166801114,2.4182724240902222e-05,True,40
3,y ~ playlist_genre + mode + key + release_month + bin_year + danceability + energy + loudness + log_speechiness + logit_acousticness + instrumentalness + sqrt_liveness + valence + tempo + duration_ms,release_month[T.7],0.18509817982720542,0.05527683988345616,0.07675349267300702,0.2934428669814038,2.1167035166801114,0.0008132384877198999,True,40
3,y ~ playlist_genre + mode + key + release_month + bin_year + danceability + energy + loudness + log_speechiness + logit_acousticness + instrumentalness + sqrt_liveness + valence + tempo + duration_ms,release_month[T.8],0.19039553089860436,0.052645429278000165,0.0872085075946453,0.2935825542025634,2.1167035166801114,0.0002989961519168688,True,40
3,y ~ playlist_genre + mode + key + release_month + bin_year + danceability + energy + loudness + log_speechiness + logit_acousticness + instrumentalness + sqrt_liveness + valence + tempo + duration_ms,release_month[T.9],0.22681398781006895,0.0506597152616479,0.12751903873345338,0.3261089368866845,2.1167035166801114,7.588556592791843e-06,True,40
3,y ~ playlist_genre + mode + key + release_month + bin_year + danceability + energy + loudness + log_speechiness + logit_acousticness + instrumentalness + sqrt_liveness + valence + tempo + duration_ms,release_month[T.10],0.34308960320773996,0.047535154193432835,0.2499189114537878,0.4362602949616921,2.1167035166801114,5.408270046172364e-13,True,40
3,y ~ playlist_genre + mode + key + release_month + bin_year + danceability + energy + loudness + log_speechiness + logit_acousticness + instrumentalness + sqrt_liveness + valence + tempo + duration_ms,release_month[T.11],0.43582895834228147,0.046330937646608006,0.3450185763547111,0.5266393403298518,2.1167035166801114,5.438607920109746e-21,True,40
3,y ~ playlist_genre + mode + key + release_month + bin_year + danceability + energy + loudness + log_speechiness + logit_acousticness + instrumentalness + sqrt_liveness + valence + tempo + duration_ms,release_month[T.12],0.36267593615197563,0.052032519982607515,0.26069023814090997,0.4646616341630413,2.1167035166801114,3.2262795913993424e-12,True,40
3,y ~ playlist_genre + mode + key + release_month + bin_year + danceability + energy + loudness + log_speechiness + logit_acousticness + instrumentalness + sqrt_liveness + valence + tempo + duration_ms,bin_year[T.recent],0.38658252709593605,0.03442742669115205,0.319103474707246,0.4540615794846261,2.1167035166801114,3.3324728345894203e-29,True,40
3,y ~ playlist_genre + mode + key + release_month + bin_year + danceability + energy + loudness + log_speechiness + logit_acousticness + instrumentalness + sqrt_liveness + valence + tempo + duration_ms,danceability,0.820591937777192,0.10177670145906445,0.6211057713751786,1.0200781041792053,2.1167035166801114,7.720906738025248e-16,True,40
3,y ~ playlist_genre + mode + key + release_month + bin_year + danceability + energy + loudness + log_speechiness + logit_acousticness + instrumentalness + sqrt_liveness + valence + tempo + duration_ms,energy,-1.6928446878641195,0.10981836365444962,-1.9080928149099705,-1.4775965608182684,2.1167035166801114,2.0161380058945357e-53,True,40
3,y ~ playlist_genre + mode + key + release_month + bin_year + danceability + energy + loudness + log_speechiness + logit_acousticness + instrumentalness + sqrt_liveness + valence + tempo + duration_ms,loudness,0.08242337928827263,0.005935175700730462,0.0707902114759191,0.09405654710062616,2.1167035166801114,1.0117754587484814e-43,True,40
3,y ~ playlist_genre + mode + key + release_month + bin_year + danceability + energy + loudness + log_speechiness + logit_acousticness + instrumentalness + sqrt_liveness + valence + tempo + duration_ms,log_speechiness,-0.04242114660915328,0.019887935669645466,-0.08140224923393373,-0.003440043984372837,2.1167035166801114,0.03293152250583493,True,40
3,y ~ playlist_genre + mode + key + release_month + bin_year + danceability + energy + loudness + log_speechiness + logit_acousticness + instrumentalness + sqrt_liveness + valence + tempo + duration_ms,logit_acousticness,0.048620299493640995,0.005887216545683074,0.037081133430677336,0.060159465556604654,2.1167035166801114,1.5293452906257997e-16,True,40
3,y ~ playlist_genre + mode + key + release_month + bin_year + danceability + energy + loudness + log_speechiness + logit_acousticness + instrumentalness + sqrt_liveness + valence + tempo + duration_ms,instrumentalness,-0.6289770768237464,0.05852631537028632,-0.7436908582636914,-0.5142632953838013,2.1167035166801114,6.806982100482484e-27,True,40
3,y ~ playlist_genre + mode + key + release_month + bin_year + danceability + energy + loudness + log_speechiness + logit_acousticness + instrumentalness + sqrt_liveness + valence + tempo + duration_ms,sqrt_liveness,-0.3004161322054493,0.08218760213995221,-0.46150692647988667,-0.13932533793101196,2.1167035166801114,0.00025734102133529596,True,40
3,y ~ playlist_genre + mode + key + release_month + bin_year + danceability + energy + loudness + log_speechiness + logit_acousticness + instrumentalness + sqrt_liveness + valence + tempo + duration_ms,valence,-0.05452284449031901,0.06160741394401969,-0.17527569512753008,0.06623000614689206,2.1167035166801114,0.37616075971975493,False,40
3,y ~ playlist_genre + mode + key + release_month + bin_year + danceability + energy + loudness + log_speechiness + logit_acousticness + instrumentalness + sqrt_liveness + valence + tempo + duration_ms,tempo,0.0016603555316754834,0.0004562784059542122,0.0007660326786948629,0.002554678384656104,2.1167035166801114,0.00027422354206213696,True,40
3,y ~ playlist_genre + mode + key + release_month + bin_year + danceability + energy + loudness + log_speechiness + logit_acousticness + instrumentalness + sqrt_liveness + valence + tempo + duration_ms,duration_ms,-3.556944040636734e-06,2.118635342615382e-07,-3.972204543721664e-06,-3.1416835375518037e-06,2.1167035166801114,5.461218163834636e-63,True,40
4,y ~ (danceability + energy + loudness + log_speechiness + logit_acousticness + instrumentalness + sqrt_liveness + valence + tempo + duration_ms) ** 2,Intercept,0.6752573314489583,1.15837356816503,-1.5951985133432145,2.945713176241131,2.1261497790784243,0.5599406559822158,False,56
4,y ~ (danceability + energy + loudness + log_speechiness + logit_acousticness + instrumentalness + sqrt_liveness + valence + tempo + duration_ms) ** 2,danceability,2.229916287865658,0.9178313824261303,0.43093219151393525,4.028900384217382,2.1261497790784243,0.01512305480659257,True,56
4,y ~ (danceability + energy + loudness + log_speechiness + logit_acousticness + instrumentalness + sqrt_liveness + valence + tempo + duration_ms) ** 2,energy,-2.2604660505600735,1.067936893354435,-4.353662604782841,-0.16726949633730648,2.1261497790784243,0.03429582893283192,True,56
4,y ~ (danceability + energy + loudness + log_speechiness + logit_acousticness + instrumentalness + sqrt_liveness + valence + tempo + duration_ms) ** 2,loudness,0.079164170197032,0.052604868572328024,-0.023943354522964394,0.18227169491702838,2.1261497790784243,0.13236398200707203,False,56
4,y ~ (danceability + energy + loudness + log_speechiness + logit_acousticness + instrumentalness + sqrt_liveness + valence + tempo + duration_ms) ** 2,log_speechiness,-0.5283539043985219,0.21868953258493046,-0.9569936291799366,-0.09971417961710732,2.1261497790784243,0.01569759165449862,True,56
4,y ~ (danceability + energy + loudness + log_speechiness + logit_acousticness + instrumentalness + sqrt_liveness + valence + tempo + duration_ms) ** 2,logit_acousticness,-0.27692960262528116,0.07336483734974121,-0.4207274484504512,-0.13313175680011116,2.1261497790784243,0.00016049346279912015,True,56
4,y ~ (danceability + energy + loudness + log_speechiness + logit_acousticness + instrumentalness + sqrt_liveness + valence + tempo + duration_ms) ** 2,instrumentalness,-1.567101118730951,0.6957593255460223,-2.9308156152184717,-0.2033866222434304,2.1261497790784243,0.02430618113872617,True,56
4,y ~ (danceability + energy + loudness + log_speechiness + logit_acousticness + instrumentalness + sqrt_liveness + valence + tempo + duration_ms) ** 2,sqrt_liveness,-0.7077715760079741,1.0528980527110232,-2.771491435858457,1.355948283842509,2.1261497790784243,0.5014530412352907,False,56
4,y ~ (danceability + energy + loudness + log_speechiness + logit_acousticness + instrumentalness + sqrt_liveness + valence + tempo + duration_ms) ** 2,valence,1.1490825384722876,0.7256569827732466,-0.27323249281910855,2.5713975697636835,2.1261497790784243,0.11331589340883193,False,56
4,y ~ (danceability + energy + loudness + log_speechiness + logit_acousticness + instrumentalness + sqrt_liveness + valence + tempo + duration_ms) ** 2,tempo,0.007028927339437573,0.005270340368175635,-0.003301138385321551,0.017358993064196696,2.1261497790784243,0.18231944534384636,False,56
4,y ~ (danceability + energy + loudness + log_speechiness + logit_acousticness + instrumentalness + sqrt_liveness + valence + tempo + duration_ms) ** 2,duration_ms,-1.2065953445324263e-05,2.475906529740728e-06,-1.6918823543624083e-05,-7.213083347024443e-06,2.1261497790784243,1.102443216665113e-06,True,56
4,y ~ (danceability + energy + loudness + log_speechiness + logit_acousticness + instrumentalness + sqrt_liveness + valence + tempo + duration_ms) ** 2,danceability:energy,-1.1680048541171875,0.7719022615851093,-2.6809623745485625,0.34495266631418753,2.1261497790784243,0.130251067363164,False,56
4,y ~ (danceability + energy + loudness + log_speechiness + logit_acousticness + instrumentalness + sqrt_liveness + valence + tempo + duration_ms) ** 2,danceability:loudness,0.0850561626739596,0.03927597294862309,0.008073775651471743,0.16203854969644746,2.1261497790784243,0.030348860409345146,True,56
4,y ~ (danceability + energy + loudness + log_speechiness + logit_acousticness + instrumentalness + sqrt_liveness + valence + tempo + duration_ms) ** 2,danceability:log_speechiness,0.1501500397396804,0.1398512610755476,-0.12396370200731374,0.42426378148667454,2.1261497790784243,0.2829916880765316,False,56
4,y ~ (danceability + energy + loudness + log_speechiness + logit_acousticness + instrumentalness + sqrt_liveness + valence + tempo + duration_ms) ** 2,danceability:logit_acousticness,0.2888694799092768,0.04260322567045767,0.20536555217056143,0.3723734076479922,2.1261497790784243,1.2186053233850142e-11,True,56
4,y ~ (danceability + energy + loudness + log_speechiness + logit_acousticness + instrumentalness + sqrt_liveness + valence + tempo + duration_ms) ** 2,danceability:instrumentalness,0.501694532605498,0.4307613170441487,-0.34261388125320413,1.3460029464642003,2.1261497790784243,0.24416146355966153,False,56
4,y ~ (danceability + energy + loudness + log_speechiness + logit_acousticness + instrumentalness + sqrt_liveness + valence + tempo + duration_ms) ** 2,danceability:sqrt_liveness,2.2244719934486943,0.6293951385046144,0.9908338043753111,3.4581101825220775,2.1261497790784243,0.00040942801525725925,True,56
4,y ~ (danceability + energy + loudness + log_speechiness + logit_acousticness + instrumentalness + sqrt_liveness + valence + tempo + duration_ms) ** 2,danceability:valence,0.6245361124061355,0.41061839592621646,-0.1802914170122878,1.4293636418245588,2.1261497790784243,0.12827850163679333,False,56
4,y ~ (danceability + energy + loudness + log_speechiness + logit_acousticness + instrumentalness + sqrt_liveness + valence + tempo + duration_ms) ** 2,danceability:tempo,0.0042950503390420626,0.003397292324170496,-0.002363770637078123,0.010953871315162247,2.1261497790784243,0.20614697975099458,False,56
4,y ~ (danceability + energy + loudness + log_speechiness + logit_acousticness + instrumentalness + sqrt_liveness + valence + tempo + duration_ms) ** 2,danceability:duration_ms,-4.80432434994573e-06,1.4689774015344978e-06,-7.683575412679282e-06,-1.925073287212178e-06,2.1261497790784243,0.0010746161321357943,True,56
4,y ~ (danceability + energy + loudness + log_speechiness + logit_acousticness + instrumentalness + sqrt_liveness + valence + tempo + duration_ms) ** 2,energy:loudness,-0.10458952210520894,0.023642944689326737,-0.15093058463740605,-0.05824845957301183,2.1261497790784243,9.733830915024037e-06,True,56
4,y ~ (danceability + energy + loudness + log_speechiness + logit_acousticness + instrumentalness + sqrt_liveness + valence + tempo + duration_ms) ** 2,energy:log_speechiness,-0.09397679684536803,0.1638870851816064,-0.4152016595862962,0.22724806589556013,2.1261497790784243,0.566361613120627,False,56
4,y ~ (danceability + energy + loudness + log_speechiness + logit_acousticness + instrumentalness + sqrt_liveness + valence + tempo + duration_ms) ** 2,energy:logit_acousticness,0.05520237769908857,0.03956485254188222,-0.02234622421208616,0.1327509796102633,2.1261497790784243,0.1629537680861094,False,56
4,y ~ (danceability + energy + loudness + log_speechiness + logit_acousticness + instrumentalness + sqrt_liveness + valence + tempo + duration_ms) ** 2,energy:instrumentalness,0.9026595483898364,0.42255035099249844,0.07444493740760283,1.73087415937207,2.1261497790784243,0.03266919165654133,True,56
4,y ~ (danceability + energy + loudness + log_speechiness + logit_acousticness + instrumentalness + sqrt_liveness + valence + tempo + duration_ms) ** 2,energy:sqrt_liveness,-0.8979576196968446,0.7312228143484576,-2.3311818906138346,0.5352666512201454,2.1261497790784243,0.2194477312105972,False,56
4,y ~ (danceability + energy + loudness + log_speechiness + logit_acousticness + instrumentalness + sqrt_liveness + valence + tempo + duration_ms) ** 2,energy:valence,-1.1738272485152057,0.46597634642633895,-2.087158446976958,-0.260496050053453,2.1261497790784243,0.01177131386963407,True,56
4,y ~ (danceability + energy + loudness + log_speechiness + logit_acousticness + instrumentalness + sqrt_liveness + valence + tempo + duration_ms) ** 2,energy:tempo,0.0005268480026887524,0.004166144491764405,-0.007638952194702844,0.008692648200080349,2.1261497790784243,0.8993690996122283,False,56
4,y ~ (danceability + energy + loudness + log_speechiness + logit_acousticness + instrumentalness + sqrt_liveness + valence + tempo + duration_ms) ** 2,energy:duration_ms,5.163932574893447e-06,1.6436404865958245e-06,1.9423352835808747e-06,8.38552986620602e-06,2.1261497790784243,0.001680847786346382,True,56
4,y ~ (danceability + energy + loudness + log_speechiness + logit_acousticness + instrumentalness + sqrt_liveness + valence + tempo + duration_ms) ** 2,loudness:log_speechiness,-0.018843968551295522,0.008839081321518286,-0.03616890102608018,-0.001519036076510858,2.1261497790784243,0.033023258664725476,True,56
4,y ~ (danceability + energy + loudness + log_speechiness + logit_acousticness + instrumentalness + sqrt_liveness + valence + tempo + duration_ms) ** 2,loudness:logit_acousticness,-0.0032352229302292667,0.0025242147193668,-0.008182778900601935,0.001712333040143402,2.1261497790784243,0.19996590574058692,False,56
4,y ~ (danceability + energy + loudness + log_speechiness + logit_acousticness + instrumentalness + sqrt_liveness + valence + tempo + duration_ms) ** 2,loudness:instrumentalness,-0.1561470601209474,0.022226212196335117,-0.1997112735799088,-0.112582846661986,2.1261497790784243,2.177597397263641e-12,True,56
4,y ~ (danceability + energy + loudness + log_speechiness + logit_acousticness + instrumentalness + sqrt_liveness + valence + tempo + duration_ms) ** 2,loudness:sqrt_liveness,0.14154658961763006,0.039233853899414015,0.0646467575187713,0.21844642171648881,2.1261497790784243,0.00030931164198144396,True,56
4,y ~ (danceability + energy + loudness + log_speechiness + logit_acousticness + instrumentalness + sqrt_liveness + valence + tempo + duration_ms) ** 2,loudness:valence,0.15632991543968486,0.02640599549966963,0.10457316919870079,0.20808666168066892,2.1261497790784243,3.2471988479711007e-09,True,56
4,y ~ (danceability + energy + loudness + log_speechiness + logit_acousticness + instrumentalness + sqrt_liveness + valence + tempo + duration_ms) ** 2,loudness:tempo,0.00016194068754824516,0.00021456860453196883,-0.00025862186295973004,0.0005825032380562204,2.1261497790784243,0.45041841256938697,False,56
4,y ~ (danceability + energy + loudness + log_speechiness + logit_acousticness + instrumentalness + sqrt_liveness + valence + tempo + duration_ms) ** 2,loudness:duration_ms,-7.634729560016816e-07,8.65615070766318e-08,-9.33136771783913e-07,-5.938091402194502e-07,2.1261497790784243,1.2009691381618554e-18,True,56
4,y ~ (danceability + energy + loudness + log_speechiness + logit_acousticness + instrumentalness + sqrt_liveness + valence + tempo + duration_ms) ** 2,log_speechiness:logit_acousticness,-0.0017294905229602892,0.009455151752690566,-0.020261944258329743,0.016802963212409164,2.1261497790784243,0.8548657456058915,False,56
4,y ~ (danceability + energy + loudness + log_speechiness + logit_acousticness + instrumentalness + sqrt_liveness + valence + tempo + duration_ms) ** 2,log_speechiness:instrumentalness,0.16880947668700858,0.1083157963637795,-0.043493565868625406,0.38111251924264256,2.1261497790784243,0.11912611194244702,False,56
4,y ~ (danceability + energy + loudness + log_speechiness + logit_acousticness + instrumentalness + sqrt_liveness + valence + tempo + duration_ms) ** 2,log_speechiness:sqrt_liveness,-0.059407934613041814,0.12179044387705043,-0.29812179406212697,0.17930592483604335,2.1261497790784243,0.62570323199777,False,56
4,y ~ (danceability + energy + loudness + log_speechiness + logit_acousticness + instrumentalness + sqrt_liveness + valence + tempo + duration_ms) ** 2,log_speechiness:valence,-0.03675564018649878,0.08930667229074744,-0.21180008323492572,0.13828880286192818,2.1261497790784243,0.6806598838149426,False,56
4,y ~ (danceability + energy + loudness + log_speechiness + logit_acousticness + instrumentalness + sqrt_liveness + valence + tempo + duration_ms) ** 2,log_speechiness:tempo,0.0027967894763378243,0.0006314916693496463,0.001559042007804249,0.0040345369448714,2.1261497790784243,9.504339173477421e-06,True,56
4,y ~ (danceability + energy + loudness + log_speechiness + logit_acousticness + instrumentalness + sqrt_liveness + valence + tempo + duration_ms) ** 2,log_speechiness:duration_ms,-2.0943146262817938e-07,3.2018114346717416e-07,-8.369985692644726e-07,4.181356440081138e-07,2.1261497790784243,0.5130500891732985,False,56
4,y ~ (danceability + energy + loudness + log_speechiness + logit_acousticness + instrumentalness + sqrt_liveness + valence + tempo + duration_ms) ** 2,logit_acousticness:instrumentalness,0.00480564791225901,0.023477325224234107,-0.04121079422729001,0.050822090051808023,2.1261497790784243,0.8378131581595561,False,56
4,y ~ (danceability + energy + loudness + log_speechiness + logit_acousticness + instrumentalness + sqrt_liveness + valence + tempo + duration_ms) ** 2,logit_acousticness:sqrt_liveness,0.04699933228806614,0.039371074584530465,-0.03016945752453134,0.12416812210066361,2.1261497790784243,0.2325834595867624,False,56
4,y ~ (danceability + energy + loudness + log_speechiness + logit_acousticness + instrumentalness + sqrt_liveness + valence + tempo + duration_ms) ** 2,logit_acousticness:valence,-0.11508747062146762,0.026858268491529943,-0.16773068896957818,-0.06244425227335706,2.1261497790784243,1.8327580334378747e-05,True,56
4,y ~ (danceability + energy + loudness + log_speechiness + logit_acousticness + instrumentalness + sqrt_liveness + valence + tempo + duration_ms) ** 2,logit_acousticness:tempo,0.0002999104329416608,0.0002228904169390845,-0.00013696318347653728,0.0007367840493598589,2.1261497790784243,0.17845682693763956,False,56
4,y ~ (danceability + energy + loudness + log_speechiness + logit_acousticness + instrumentalness + sqrt_liveness + valence + tempo + duration_ms) ** 2,logit_acousticness:duration_ms,3.3190454519998847e-07,9.178985106417514e-08,1.5199297818159405e-07,5.118161122183829e-07,2.1261497790784243,0.00029974243263980775,True,56
4,y ~ (danceability + energy + loudness + log_speechiness + logit_acousticness + instrumentalness + sqrt_liveness + valence + tempo + duration_ms) ** 2,instrumentalness:sqrt_liveness,0.14237376834596807,0.39557078044676214,-0.6329598676908645,0.9177074043828006,2.1261497790784243,0.7189094479147613,False,56
4,y ~ (danceability + energy + loudness + log_speechiness + logit_acousticness + instrumentalness + sqrt_liveness + valence + tempo + duration_ms) ** 2,instrumentalness:valence,-0.42292450211623667,0.23678789747176326,-0.887037704079614,0.04118869984714074,2.1261497790784243,0.07409409217047985,False,56
4,y ~ (danceability + energy + loudness + log_speechiness + logit_acousticness + instrumentalness + sqrt_liveness + valence + tempo + duration_ms) ** 2,instrumentalness:tempo,-0.002475450535299771,0.002625458330782534,-0.007621447799227552,0.002670546728628011,2.1261497790784243,0.3457574705773747,False,56
4,y ~ (danceability + energy + loudness + log_speechiness + logit_acousticness + instrumentalness + sqrt_liveness + valence + tempo + duration_ms) ** 2,instrumentalness:duration_ms,-1.5697391598733086e-06,7.631962316704364e-07,-3.065632533601115e-06,-7.384578614550258e-08,2.1261497790784243,0.03971386768374434,True,56
4,y ~ (danceability + energy + loudness + log_speechiness + logit_acousticness + instrumentalness + sqrt_liveness + valence + tempo + duration_ms) ** 2,sqrt_liveness:valence,-0.6086045745301526,0.40704850121094954,-1.4064349757817014,0.1892258267213962,2.1261497790784243,0.13488125096050224,False,56
4,y ~ (danceability + energy + loudness + log_speechiness + logit_acousticness + instrumentalness + sqrt_liveness + valence + tempo + duration_ms) ** 2,sqrt_liveness:tempo,0.0014250400258286734,0.0032686288449649084,-0.004981595682600732,0.00783167573425808,2.1261497790784243,0.6628578882942742,False,56
4,y ~ (danceability + energy + loudness + log_speechiness + logit_acousticness + instrumentalness + sqrt_liveness + valence + tempo + duration_ms) ** 2,sqrt_liveness:duration_ms,2.659423413730709e-06,1.3514388041373574e-06,1.0552431122562573e-08,5.308294396338856e-06,2.1261497790784243,0.049094332943943955,True,56
4,y ~ (danceability + energy + loudness + log_speechiness + logit_acousticness + instrumentalness + sqrt_liveness + valence + tempo + duration_ms) ** 2,valence:tempo,-0.0018092141884371842,0.002340050651556988,-0.006395801646016647,0.0027773732691422784,2.1261497790784243,0.43943827182926665,False,56
4,y ~ (danceability + energy + loudness + log_speechiness + logit_acousticness + instrumentalness + sqrt_liveness + valence + tempo + duration_ms) ** 2,valence:duration_ms,1.7236605107228465e-06,9.375289114832227e-07,-1.1393148484612424e-07,3.5612525062918172e-06,2.1261497790784243,0.06599583242092845,False,56
4,y ~ (danceability + energy + loudness + log_speechiness + logit_acousticness + instrumentalness + sqrt_liveness + valence + tempo + duration_ms) ** 2,tempo:duration_ms,1.988696948221783e-09,8.115737959813904e-09,-1.3918455279751036e-08,1.7895849176194604e-08,2.1261497790784243,0.8064254458068137,False,56
5,y ~ (playlist_genre + mode + key + release_month + bin_year) * (danceability + energy + loudness + log_speechiness + logit_acousticness + instrumentalness + sqrt_liveness + valence + tempo + duration_ms),Intercept,-1.487193389495826,0.8178605811810867,-3.090231465674588,0.11584468668293613,2.075262310785268,0.06901318850588499,False,330
5,y ~ (playlist_genre + mode + key + release_month + bin_year) * (danceability + energy + loudness + log_speechiness + logit_acousticness + instrumentalness + sqrt_liveness + valence + tempo + duration_ms),playlist_genre[T.latin],2.4782415137717004,0.6391593154467645,1.225464765531948,3.731018262011453,2.075262310785268,0.00010581377636439629,True,330
5,y ~ (playlist_genre + mode + key + release_month + bin_year) * (danceability + energy + loudness + log_speechiness + logit_acousticness + instrumentalness + sqrt_liveness + valence + tempo + duration_ms),playlist_genre[T.pop],2.056107460855959,0.620274281895077,0.8403461019745615,3.2718688197373567,2.075262310785268,0.0009179907376642048,True,330
5,y ~ (playlist_genre + mode + key + release_month + bin_year) * (danceability + energy + loudness + log_speechiness + logit_acousticness + instrumentalness + sqrt_liveness + valence + tempo + duration_ms),playlist_genre[T.r&b],2.0616937305508007,0.6047424253145041,0.876375405684382,3.2470120554172195,2.075262310785268,0.0006523192120309591,True,330
5,y ~ (playlist_genre + mode + key + release_month + bin_year) * (danceability + energy + loudness + log_speechiness + logit_acousticness + instrumentalness + sqrt_liveness + valence + tempo + duration_ms),playlist_genre[T.rap],-2.2811590265768045,0.6046285273032428,-3.466254106977046,-1.0960639461765627,2.075262310785268,0.000161699547097034,True,330
5,y ~ (playlist_genre + mode + key + release_month + bin_year) * (danceability + energy + loudness + log_speechiness + logit_acousticness + instrumentalness + sqrt_liveness + valence + tempo + duration_ms),playlist_genre[T.rock],1.3352002053991285,0.7170562828124127,-0.07025758356966727,2.7406579943679246,2.075262310785268,0.06260413452171834,False,330
5,y ~ (playlist_genre + mode + key + release_month + bin_year) * (danceability + energy + loudness + log_speechiness + logit_acousticness + instrumentalness + sqrt_liveness + valence + tempo + duration_ms),mode[T.minor],0.26067708294918857,0.32964758039250763,-0.3854448053636865,0.9067989712620637,2.075262310785268,0.4290811458414807,False,330
5,y ~ (playlist_genre + mode + key + release_month + bin_year) * (danceability + energy + loudness + log_speechiness + logit_acousticness + instrumentalness + sqrt_liveness + valence + tempo + duration_ms),key[T.A♯/B♭],-2.1627032716335215,0.7547838022986546,-3.642108444359196,-0.6832980989078468,2.075262310785268,0.004168493245936752,True,330
5,y ~ (playlist_genre + mode + key + release_month + bin_year) * (danceability + energy + loudness + log_speechiness + logit_acousticness + instrumentalness + sqrt_liveness + valence + tempo + duration_ms),key[T.B],-0.3885776680229214,0.7141753131824428,-1.7883886461300333,1.0112333100841906,2.075262310785268,0.5863813942739553,False,330
5,y ~ (playlist_genre + mode + key + release_month + bin_year) * (danceability + energy + loudness + log_speechiness + logit_acousticness + instrumentalness + sqrt_liveness + valence + tempo + duration_ms),key[T.C],-1.0294993904800471,0.6911515014030828,-2.384182815321555,0.3251840343614609,2.075262310785268,0.13635450698814516,False,330
5,y ~ (playlist_genre + mode + key + release_month + bin_year) * (danceability + energy + loudness + log_speechiness + logit_acousticness + instrumentalness + sqrt_liveness + valence + tempo + duration_ms),key[T.C♯/D♭],-0.4460272975392944,0.6726677211131578,-1.7644818047898814,0.8724272097112927,2.075262310785268,0.5072890727200776,False,330
5,y ~ (playlist_genre + mode + key + release_month + bin_year) * (danceability + energy + loudness + log_speechiness + logit_acousticness + instrumentalness + sqrt_liveness + valence + tempo + duration_ms),key[T.D],-1.2744229912611043,0.7248664795351097,-2.695189065061099,0.14634308253889028,2.075262310785268,0.07873181107086631,False,330
5,y ~ (playlist_genre + mode + key + release_month + bin_year) * (danceability + energy + loudness + log_speechiness + logit_acousticness + instrumentalness + sqrt_liveness + valence + tempo + duration_ms),key[T.D♯/E♭],-0.6721329349233369,1.073676569465472,-2.7765801499591913,1.4323142801125175,2.075262310785268,0.5313124522740943,False,330
5,y ~ (playlist_genre + mode + key + release_month + bin_year) * (danceability + energy + loudness + log_speechiness + logit_acousticness + instrumentalness + sqrt_liveness + valence + tempo + duration_ms),key[T.E],-1.1335778779460466,0.7852333751657361,-2.672665380193975,0.40550962430188164,2.075262310785268,0.1488559717003594,False,330
5,y ~ (playlist_genre + mode + key + release_month + bin_year) * (danceability + energy + loudness + log_speechiness + logit_acousticness + instrumentalness + sqrt_liveness + valence + tempo + duration_ms),key[T.F],-0.19529303424758165,0.7403436528861652,-1.6463949608374635,1.2558088923423003,2.075262310785268,0.791945752225445,False,330
5,y ~ (playlist_genre + mode + key + release_month + bin_year) * (danceability + energy + loudness + log_speechiness + logit_acousticness + instrumentalness + sqrt_liveness + valence + tempo + duration_ms),key[T.F♯/G♭],-0.07861928101742496,0.724788487018459,-1.4992324864964306,1.3419939244615808,2.075262310785268,0.9136219455472653,False,330
5,y ~ (playlist_genre + mode + key + release_month + bin_year) * (danceability + energy + loudness + log_speechiness + logit_acousticness + instrumentalness + sqrt_liveness + valence + tempo + duration_ms),key[T.G],-0.961475571214463,0.6927425047173508,-2.3192774235126596,0.39632628108373347,2.075262310785268,0.16516916386270447,False,330
5,y ~ (playlist_genre + mode + key + release_month + bin_year) * (danceability + energy + loudness + log_speechiness + logit_acousticness + instrumentalness + sqrt_liveness + valence + tempo + duration_ms),key[T.G♯/A♭],-1.392879724999039,0.75927825530425,-2.8810941978246905,0.09533474782661244,2.075262310785268,0.06659228202590646,False,330
5,y ~ (playlist_genre + mode + key + release_month + bin_year) * (danceability + energy + loudness + log_speechiness + logit_acousticness + instrumentalness + sqrt_liveness + valence + tempo + duration_ms),release_month[T.2],0.011965417862369768,0.7312011001189647,-1.421216754998666,1.4451475907234057,2.075262310785268,0.9869440550459883,False,330
5,y ~ (playlist_genre + mode + key + release_month + bin_year) * (danceability + energy + loudness + log_speechiness + logit_acousticness + instrumentalness + sqrt_liveness + valence + tempo + duration_ms),release_month[T.3],-0.6438086142136367,0.748135263088957,-2.110182395343544,0.8225651669162707,2.075262310785268,0.3894917993040944,False,330
5,y ~ (playlist_genre + mode + key + release_month + bin_year) * (danceability + energy + loudness + log_speechiness + logit_acousticness + instrumentalness + sqrt_liveness + valence + tempo + duration_ms),release_month[T.4],1.5667915228813651,0.7437637206739387,0.10898613238447341,3.024596913378257,2.075262310785268,0.035162516395601875,True,330
5,y ~ (playlist_genre + mode + key + release_month + bin_year) * (danceability + energy + loudness + log_speechiness + logit_acousticness + instrumentalness + sqrt_liveness + valence + tempo + duration_ms),release_month[T.5],0.03249077219696379,0.6980746093778232,-1.335762209540145,1.4007437539340726,2.075262310785268,0.9628774272209046,False,330
5,y ~ (playlist_genre + mode + key + release_month + bin_year) * (danceability + energy + loudness + log_speechiness + logit_acousticness + instrumentalness + sqrt_liveness + valence + tempo + duration_ms),release_month[T.6],1.47958135412142,0.6657044541151093,0.17477511699084647,2.7843875912519938,2.075262310785268,0.0262511190953138,True,330
5,y ~ (playlist_genre + mode + key + release_month + bin_year) * (danceability + energy + loudness + log_speechiness + logit_acousticness + instrumentalness + sqrt_liveness + valence + tempo + duration_ms),release_month[T.7],2.073562344334744,0.7073235101834835,0.6871811626385875,3.4599435260309006,2.075262310785268,0.0033750188521682214,True,330
5,y ~ (playlist_genre + mode + key + release_month + bin_year) * (danceability + energy + loudness + log_speechiness + logit_acousticness + instrumentalness + sqrt_liveness + valence + tempo + duration_ms),release_month[T.8],0.9927556386708988,0.6984564006392651,-0.37624566856731156,2.361756945909109,2.075262310785268,0.15522287745678176,False,330
5,y ~ (playlist_genre + mode + key + release_month + bin_year) * (danceability + energy + loudness + log_speechiness + logit_acousticness + instrumentalness + sqrt_liveness + valence + tempo + duration_ms),release_month[T.9],-0.49972449882551245,0.6650149393778323,-1.803179260651646,0.8037302630006209,2.075262310785268,0.45238830621657533,False,330
5,y ~ (playlist_genre + mode + key + release_month + bin_year) * (danceability + energy + loudness + log_speechiness + logit_acousticness + instrumentalness + sqrt_liveness + valence + tempo + duration_ms),release_month[T.10],0.8236224489470839,0.6184241365580447,-0.3885125541837474,2.0357574520779154,2.075262310785268,0.18293267351337558,False,330
5,y ~ (playlist_genre + mode + key + release_month + bin_year) * (danceability + energy + loudness + log_speechiness + logit_acousticness + instrumentalness + sqrt_liveness + valence + tempo + duration_ms),release_month[T.11],1.35153312553879,0.6112146511454264,0.15352899005460907,2.5495372610229707,2.075262310785268,0.027027319827534296,True,330
5,y ~ (playlist_genre + mode + key + release_month + bin_year) * (danceability + energy + loudness + log_speechiness + logit_acousticness + instrumentalness + sqrt_liveness + valence + tempo + duration_ms),release_month[T.12],1.6536009002558116,0.6741386242068553,0.33226336658260225,2.974938433929021,2.075262310785268,0.014175917663156557,True,330
5,y ~ (playlist_genre + mode + key + release_month + bin_year) * (danceability + energy + loudness + log_speechiness + logit_acousticness + instrumentalness + sqrt_liveness + valence + tempo + duration_ms),bin_year[T.recent],2.537746843640023,0.41029529464355663,1.7335523453053778,3.3419413419746684,2.075262310785268,6.278679282831037e-10,True,330
5,y ~ (playlist_genre + mode + key + release_month + bin_year) * (danceability + energy + loudness + log_speechiness + logit_acousticness + instrumentalness + sqrt_liveness + valence + tempo + duration_ms),danceability,0.058423852327317054,0.4877311685353468,-0.8975479258603984,1.0143956305150326,2.075262310785268,0.9046526361299402,False,330
5,y ~ (playlist_genre + mode + key + release_month + bin_year) * (danceability + energy + loudness + log_speechiness + logit_acousticness + instrumentalness + sqrt_liveness + valence + tempo + duration_ms),playlist_genre[T.latin]:danceability,0.052690310114825264,0.3966304220769576,-0.7247205144074018,0.8301011346370524,2.075262310785268,0.8943169186266431,False,330
5,y ~ (playlist_genre + mode + key + release_month + bin_year) * (danceability + energy + loudness + log_speechiness + logit_acousticness + instrumentalness + sqrt_liveness + valence + tempo + duration_ms),playlist_genre[T.pop]:danceability,0.7146711922526522,0.3654364327698724,-0.0015982180019288306,1.430940602507233,2.075262310785268,0.0505133583580495,False,330
5,y ~ (playlist_genre + mode + key + release_month + bin_year) * (danceability + energy + loudness + log_speechiness + logit_acousticness + instrumentalness + sqrt_liveness + valence + tempo + duration_ms),playlist_genre[T.r&b]:danceability,-0.04657185432937741,0.3658617001370998,-0.7636748049182257,0.6705310962594709,2.075262310785268,0.8987088244311954,False,330
5,y ~ (playlist_genre + mode + key + release_month + bin_year) * (danceability + energy + loudness + log_speechiness + logit_acousticness + instrumentalness + sqrt_liveness + valence + tempo + duration_ms),playlist_genre[T.rap]:danceability,1.3522515049684976,0.35054173229308117,0.665176278352274,2.039326731584721,2.075262310785268,0.0001147284319672822,True,330
5,y ~ (playlist_genre + mode + key + release_month + bin_year) * (danceability + energy + loudness + log_speechiness + logit_acousticness + instrumentalness + sqrt_liveness + valence + tempo + duration_ms),playlist_genre[T.rock]:danceability,1.2025600919399102,0.4212957871257804,0.37680420684634197,2.028315977033478,2.075262310785268,0.004314165317711622,True,330
5,y ~ (playlist_genre + mode + key + release_month + bin_year) * (danceability + energy + loudness + log_speechiness + logit_acousticness + instrumentalness + sqrt_liveness + valence + tempo + duration_ms),mode[T.minor]:danceability,-0.09175353527008538,0.20179252082206484,-0.4872746079432798,0.303767537403109,2.075262310785268,0.6493336072536431,False,330
5,y ~ (playlist_genre + mode + key + release_month + bin_year) * (danceability + energy + loudness + log_speechiness + logit_acousticness + instrumentalness + sqrt_liveness + valence + tempo + duration_ms),key[T.A♯/B♭]:danceability,0.4461582933307232,0.45682770353035607,-0.4492415093531512,1.3415580960145976,2.075262310785268,0.32875255103099954,False,330
5,y ~ (playlist_genre + mode + key + release_month + bin_year) * (danceability + energy + loudness + log_speechiness + logit_acousticness + instrumentalness + sqrt_liveness + valence + tempo + duration_ms),key[T.B]:danceability,-0.12811114689454509,0.4389736629091053,-0.9885163458671419,0.7322940520780518,2.075262310785268,0.7704089878912372,False,330
5,y ~ (playlist_genre + mode + key + release_month + bin_year) * (danceability + energy + loudness + log_speechiness + logit_acousticness + instrumentalness + sqrt_liveness + valence + tempo + duration_ms),key[T.C]:danceability,0.051161242073626566,0.42285887073963474,-0.7776583467940507,0.8799808309413039,2.075262310785268,0.9037005654433902,False,330
5,y ~ (playlist_genre + mode + key + release_month + bin_year) * (danceability + energy + loudness + log_speechiness + logit_acousticness + instrumentalness + sqrt_liveness + valence + tempo + duration_ms),key[T.C♯/D♭]:danceability,-0.06080967031479,0.4077345300664011,-0.8599849719602122,0.7383656313306322,2.075262310785268,0.8814438299187426,False,330
5,y ~ (playlist_genre + mode + key + release_month + bin_year) * (danceability + energy + loudness + log_speechiness + logit_acousticness + instrumentalness + sqrt_liveness + valence + tempo + duration_ms),key[T.D]:danceability,0.6207257552068078,0.43619601290134463,-0.23423514332241957,1.4756866537360351,2.075262310785268,0.15473341654436118,False,330
5,y ~ (playlist_genre + mode + key + release_month + bin_year) * (danceability + energy + loudness + log_speechiness + logit_acousticness + instrumentalness + sqrt_liveness + valence + tempo + duration_ms),key[T.D♯/E♭]:danceability,-0.7405958946559611,0.6196155874508281,-1.9550661871881605,0.4738743978762384,2.075262310785268,0.23199802036233583,False,330
5,y ~ (playlist_genre + mode + key + release_month + bin_year) * (danceability + energy + loudness + log_speechiness + logit_acousticness + instrumentalness + sqrt_liveness + valence + tempo + duration_ms),key[T.E]:danceability,0.355225268251519,0.4667497289838796,-0.5596220844925917,1.2700726209956297,2.075262310785268,0.44662593277129203,False,330
5,y ~ (playlist_genre + mode + key + release_month + bin_year) * (danceability + energy + loudness + log_speechiness + logit_acousticness + instrumentalness + sqrt_liveness + valence + tempo + duration_ms),key[T.F]:danceability,-0.25813045410865937,0.4606603816010818,-1.161042452663664,0.6447815444463452,2.075262310785268,0.5752455366705392,False,330
5,y ~ (playlist_genre + mode + key + release_month + bin_year) * (danceability + energy + loudness + log_speechiness + logit_acousticness + instrumentalness + sqrt_liveness + valence + tempo + duration_ms),key[T.F♯/G♭]:danceability,-0.5417012956786273,0.45263426716529953,-1.4288818024117047,0.3454792110544499,2.075262310785268,0.23140322296378446,False,330
5,y ~ (playlist_genre + mode + key + release_month + bin_year) * (danceability + energy + loudness + log_speechiness + logit_acousticness + instrumentalness + sqrt_liveness + valence + tempo + duration_ms),key[T.G]:danceability,-0.0783224063111982,0.4224621586434601,-0.9063644242699924,0.7497196116475959,2.075262310785268,0.8529203440827164,False,330
5,y ~ (playlist_genre + mode + key + release_month + bin_year) * (danceability + energy + loudness + log_speechiness + logit_acousticness + instrumentalness + sqrt_liveness + valence + tempo + duration_ms),key[T.G♯/A♭]:danceability,-0.2323512100903746,0.4581570730120666,-1.130356627894389,0.6656542077136398,2.075262310785268,0.6120579014733685,False,330
5,y ~ (playlist_genre + mode + key + release_month + bin_year) * (danceability + energy + loudness + log_speechiness + logit_acousticness + instrumentalness + sqrt_liveness + valence + tempo + duration_ms),release_month[T.2]:danceability,-0.5490487998483088,0.4657687350744813,-1.4619733669423347,0.36387576724571713,2.075262310785268,0.23848608643619412,False,330
5,y ~ (playlist_genre + mode + key + release_month + bin_year) * (danceability + energy + loudness + log_speechiness + logit_acousticness + instrumentalness + sqrt_liveness + valence + tempo + duration_ms),release_month[T.3]:danceability,-0.25296714524194,0.43962256726388355,-1.1146442216132562,0.6087099311293762,2.075262310785268,0.5650120643629101,False,330
5,y ~ (playlist_genre + mode + key + release_month + bin_year) * (danceability + energy + loudness + log_speechiness + logit_acousticness + instrumentalness + sqrt_liveness + valence + tempo + duration_ms),release_month[T.4]:danceability,-0.7568907501696336,0.44388740707572355,-1.6269270759833299,0.11314557564406269,2.075262310785268,0.08817780606697156,False,330
5,y ~ (playlist_genre + mode + key + release_month + bin_year) * (danceability + energy + loudness + log_speechiness + logit_acousticness + instrumentalness + sqrt_liveness + valence + tempo + duration_ms),release_month[T.5]:danceability,-0.5403149544680523,0.41887227374131725,-1.3613206604689774,0.2806907515328727,2.075262310785268,0.19708510363180945,False,330
5,y ~ (playlist_genre + mode + key + release_month + bin_year) * (danceability + energy + loudness + log_speechiness + logit_acousticness + instrumentalness + sqrt_liveness + valence + tempo + duration_ms),release_month[T.6]:danceability,-0.877549908561127,0.41233366665355925,-1.6857396941374345,-0.06936012298481964,2.075262310785268,0.03332384286995862,True,330
5,y ~ (playlist_genre + mode + key + release_month + bin_year) * (danceability + energy + loudness + log_speechiness + logit_acousticness + instrumentalness + sqrt_liveness + valence + tempo + duration_ms),release_month[T.7]:danceability,-0.8881247516739216,0.42406700070317593,-1.719312321560726,-0.056937181787117264,2.075262310785268,0.03624087189477699,True,330
5,y ~ (playlist_genre + mode + key + release_month + bin_year) * (danceability + energy + loudness + log_speechiness + logit_acousticness + instrumentalness + sqrt_liveness + valence + tempo + duration_ms),release_month[T.8]:danceability,-0.6731240416767421,0.41781248849741637,-1.4920525279929966,0.14580444463951237,2.075262310785268,0.10717494117617178,False,330
5,y ~ (playlist_genre + mode + key + release_month + bin_year) * (danceability + energy + loudness + log_speechiness + logit_acousticness + instrumentalness + sqrt_liveness + valence + tempo + duration_ms),release_month[T.9]:danceability,0.7373869220931636,0.3991262385403053,-0.044915798326677914,1.519689642513005,2.075262310785268,0.06468352187428769,False,330
5,y ~ (playlist_genre + mode + key + release_month + bin_year) * (danceability + energy + loudness + log_speechiness + logit_acousticness + instrumentalness + sqrt_liveness + valence + tempo + duration_ms),release_month[T.10]:danceability,-0.49174836756502693,0.3714252937631484,-1.2197561748350247,0.23625943970497087,2.075262310785268,0.18552926707105402,False,330
5,y ~ (playlist_genre + mode + key + release_month + bin_year) * (danceability + energy + loudness + log_speechiness + logit_acousticness + instrumentalness + sqrt_liveness + valence + tempo + duration_ms),release_month[T.11]:danceability,-0.776816389906742,0.3624476525713636,-1.4872276764544439,-0.06640510335904004,2.075262310785268,0.032100464340133215,True,330
5,y ~ (playlist_genre + mode + key + release_month + bin_year) * (danceability + energy + loudness + log_speechiness + logit_acousticness + instrumentalness + sqrt_liveness + valence + tempo + duration_ms),release_month[T.12]:danceability,0.3689375479079713,0.4108562248305454,-0.43635639508571655,1.1742314909016591,2.075262310785268,0.36920704091402134,False,330
5,y ~ (playlist_genre + mode + key + release_month + bin_year) * (danceability + energy + loudness + log_speechiness + logit_acousticness + instrumentalness + sqrt_liveness + valence + tempo + duration_ms),bin_year[T.recent]:danceability,0.8157455632765712,0.2547609828751919,0.3164042754449792,1.3150868511081633,2.075262310785268,0.0013660908509134325,True,330
5,y ~ (playlist_genre + mode + key + release_month + bin_year) * (danceability + energy + loudness + log_speechiness + logit_acousticness + instrumentalness + sqrt_liveness + valence + tempo + duration_ms),energy,-0.2103031127251354,0.5448452652421437,-1.2782207088361621,0.8576144833858914,2.075262310785268,0.6995089736912561,False,330
5,y ~ (playlist_genre + mode + key + release_month + bin_year) * (danceability + energy + loudness + log_speechiness + logit_acousticness + instrumentalness + sqrt_liveness + valence + tempo + duration_ms),playlist_genre[T.latin]:energy,-2.2438518315782883,0.41133274508768947,-3.0500797725342808,-1.4376238906222958,2.075262310785268,4.931479256418138e-08,True,330
5,y ~ (playlist_genre + mode + key + release_month + bin_year) * (danceability + energy + loudness + log_speechiness + logit_acousticness + instrumentalness + sqrt_liveness + valence + tempo + duration_ms),playlist_genre[T.pop]:energy,-1.192451291092682,0.4023691527839743,-1.981110247685291,-0.40379233450007324,2.075262310785268,0.0030431206006954347,True,330
5,y ~ (playlist_genre + mode + key + release_month + bin_year) * (danceability + energy + loudness + log_speechiness + logit_acousticness + instrumentalness + sqrt_liveness + valence + tempo + duration_ms),playlist_genre[T.r&b]:energy,-1.5002283957615798,0.40449762611830875,-2.2930592416438547,-0.707397549879305,2.075262310785268,0.00020854034731869735,True,330
5,y ~ (playlist_genre + mode + key + release_month + bin_year) * (danceability + energy + loudness + log_speechiness + logit_acousticness + instrumentalness + sqrt_liveness + valence + tempo + duration_ms),playlist_genre[T.rap]:energy,-0.22960784705809356,0.4017719897398353,-1.017096341203351,0.5578806470871637,2.075262310785268,0.5676729569036432,False,330
5,y ~ (playlist_genre + mode + key + release_month + bin_year) * (danceability + energy + loudness + log_speechiness + logit_acousticness + instrumentalness + sqrt_liveness + valence + tempo + duration_ms),playlist_genre[T.rock]:energy,-1.272305705847366,0.46542464778721104,-2.184555848674328,-0.36005556302040365,2.075262310785268,0.006267207374099984,True,330
5,y ~ (playlist_genre + mode + key + release_month + bin_year) * (danceability + energy + loudness + log_speechiness + logit_acousticness + instrumentalness + sqrt_liveness + valence + tempo + duration_ms),mode[T.minor]:energy,0.2721589288787734,0.22633882851911208,-0.17147384739449234,0.7157917051520392,2.075262310785268,0.22920190390556827,False,330
5,y ~ (playlist_genre + mode + key + release_month + bin_year) * (danceability + energy + loudness + log_speechiness + logit_acousticness + instrumentalness + sqrt_liveness + valence + tempo + duration_ms),key[T.A♯/B♭]:energy,1.2137463187778943,0.5296943301755883,0.1755251359190213,2.2519675016367673,2.075262310785268,0.02194625641763814,True,330
5,y ~ (playlist_genre + mode + key + release_month + bin_year) * (danceability + energy + loudness + log_speechiness + logit_acousticness + instrumentalness + sqrt_liveness + valence + tempo + duration_ms),key[T.B]:energy,0.11897729262865081,0.4888295397820041,-0.8391473352875953,1.0771019205448968,2.075262310785268,0.8077031570237947,False,330
5,y ~ (playlist_genre + mode + key + release_month + bin_year) * (danceability + energy + loudness + log_speechiness + logit_acousticness + instrumentalness + sqrt_liveness + valence + tempo + duration_ms),key[T.C]:energy,0.31795714351107535,0.4820663643026823,-0.6269114013285482,1.2628256883506987,2.075262310785268,0.5095337294498741,False,330
5,y ~ (playlist_genre + mode + key + release_month + bin_year) * (danceability + energy + loudness + log_speechiness + logit_acousticness + instrumentalness + sqrt_liveness + valence + tempo + duration_ms),key[T.C♯/D♭]:energy,0.23034474853205938,0.46426593014066175,-0.6796342633103574,1.1403237603744762,2.075262310785268,0.6197932059150919,False,330
5,y ~ (playlist_genre + mode + key + release_month + bin_year) * (danceability + energy + loudness + log_speechiness + logit_acousticness + instrumentalness + sqrt_liveness + valence + tempo + duration_ms),key[T.D]:energy,0.7419655620849607,0.5001476541009737,-0.23834300356019666,1.7222741277301181,2.075262310785268,0.1379533397884677,False,330
5,y ~ (playlist_genre + mode + key + release_month + bin_year) * (danceability + energy + loudness + log_speechiness + logit_acousticness + instrumentalness + sqrt_liveness + valence + tempo + duration_ms),key[T.D♯/E♭]:energy,0.21120199463672332,0.7225768045955065,-1.2050762285506942,1.627480217824141,2.075262310785268,0.7700667823075751,False,330
5,y ~ (playlist_genre + mode + key + release_month + bin_year) * (danceability + energy + loudness + log_speechiness + logit_acousticness + instrumentalness + sqrt_liveness + valence + tempo + duration_ms),key[T.E]:energy,0.7009736094079648,0.5334250965206004,-0.3445600184348001,1.7465072372507298,2.075262310785268,0.18882219410390605,False,330
5,y ~ (playlist_genre + mode + key + release_month + bin_year) * (danceability + energy + loudness + log_speechiness + logit_acousticness + instrumentalness + sqrt_liveness + valence + tempo + duration_ms),key[T.F]:energy,0.46835638530368234,0.5056346585128243,-0.5227069192282117,1.4594196898355765,2.075262310785268,0.35431045641826897,False,330
5,y ~ (playlist_genre + mode + key + release_month + bin_year) * (danceability + energy + loudness + log_speechiness + logit_acousticness + instrumentalness + sqrt_liveness + valence + tempo + duration_ms),key[T.F♯/G♭]:energy,0.8431772456697546,0.5074903227795695,-0.1515232319264056,1.837877723265915,2.075262310785268,0.09662997874927051,False,330
5,y ~ (playlist_genre + mode + key + release_month + bin_year) * (danceability + energy + loudness + log_speechiness + logit_acousticness + instrumentalness + sqrt_liveness + valence + tempo + duration_ms),key[T.G]:energy,0.25675049146414275,0.4732395495983778,-0.6708171583476987,1.1843181412759842,2.075262310785268,0.5874516485030119,False,330
5,y ~ (playlist_genre + mode + key + release_month + bin_year) * (danceability + energy + loudness + log_speechiness + logit_acousticness + instrumentalness + sqrt_liveness + valence + tempo + duration_ms),key[T.G♯/A♭]:energy,0.6570968592971572,0.5108771121603735,-0.34424185525326034,1.6584355738475747,2.075262310785268,0.19837801367721458,False,330
5,y ~ (playlist_genre + mode + key + release_month + bin_year) * (danceability + energy + loudness + log_speechiness + logit_acousticness + instrumentalness + sqrt_liveness + valence + tempo + duration_ms),release_month[T.2]:energy,0.6635796559903713,0.5113694453655563,-0.3387240505063942,1.6658833624871368,2.075262310785268,0.19441627467889688,False,330
5,y ~ (playlist_genre + mode + key + release_month + bin_year) * (danceability + energy + loudness + log_speechiness + logit_acousticness + instrumentalness + sqrt_liveness + valence + tempo + duration_ms),release_month[T.3]:energy,0.0717163480696015,0.49032185136377837,-0.8893332677261828,1.0327659638653859,2.075262310785268,0.8837140481528334,False,330
5,y ~ (playlist_genre + mode + key + release_month + bin_year) * (danceability + energy + loudness + log_speechiness + logit_acousticness + instrumentalness + sqrt_liveness + valence + tempo + duration_ms),release_month[T.4]:energy,-0.6698465926331655,0.49141662943914366,-1.6330420154040723,0.2933488301377415,2.075262310785268,0.17286280262246853,False,330
5,y ~ (playlist_genre + mode + key + release_month + bin_year) * (danceability + energy + loudness + log_speechiness + logit_acousticness + instrumentalness + sqrt_liveness + valence + tempo + duration_ms),release_month[T.5]:energy,0.307537301227651,0.46844340870468515,-0.6106297286641005,1.2257043311194025,2.075262310785268,0.5115014292239413,False,330
5,y ~ (playlist_genre + mode + key + release_month + bin_year) * (danceability + energy + loudness + log_speechiness + logit_acousticness + instrumentalness + sqrt_liveness + valence + tempo + duration_ms),release_month[T.6]:energy,-0.6986220904191702,0.47010754574253444,-1.6200508926680137,0.22280671182967338,2.075262310785268,0.1372652126873081,False,330
5,y ~ (playlist_genre + mode + key + release_month + bin_year) * (danceability + energy + loudness + log_speechiness + logit_acousticness + instrumentalness + sqrt_liveness + valence + tempo + duration_ms),release_month[T.7]:energy,-0.02184823392938282,0.4929376981154427,-0.9880250095869504,0.9443285417281847,2.075262310785268,0.964647609635124,False,330
5,y ~ (playlist_genre + mode + key + release_month + bin_year) * (danceability + energy + loudness + log_speechiness + logit_acousticness + instrumentalness + sqrt_liveness + valence + tempo + duration_ms),release_month[T.8]:energy,0.34103687728418886,0.4680366743971027,-0.5763329377803103,1.258406692348688,2.075262310785268,0.4662185763785127,False,330
5,y ~ (playlist_genre + mode + key + release_month + bin_year) * (danceability + energy + loudness + log_speechiness + logit_acousticness + instrumentalness + sqrt_liveness + valence + tempo + duration_ms),release_month[T.9]:energy,0.5964416504250556,0.45184275201815166,-0.28918745629199705,1.4820707571421083,2.075262310785268,0.18683767406696858,False,330
5,y ~ (playlist_genre + mode + key + release_month + bin_year) * (danceability + energy + loudness + log_speechiness + logit_acousticness + instrumentalness + sqrt_liveness + valence + tempo + duration_ms),release_month[T.10]:energy,-0.3172554529181397,0.42410985001967483,-1.148527009107092,0.5140161032708125,2.075262310785268,0.45443539783127085,False,330
5,y ~ (playlist_genre + mode + key + release_month + bin_year) * (danceability + energy + loudness + log_speechiness + logit_acousticness + instrumentalness + sqrt_liveness + valence + tempo + duration_ms),release_month[T.11]:energy,-0.5729934660797513,0.4260884188340625,-1.4081430929555472,0.26215616079604465,2.075262310785268,0.178707149355915,False,330
5,y ~ (playlist_genre + mode + key + release_month + bin_year) * (danceability + energy + loudness + log_speechiness + logit_acousticness + instrumentalness + sqrt_liveness + valence + tempo + duration_ms),release_month[T.12]:energy,-0.6216878577742436,0.465574268382911,-1.5342312627016255,0.2908555471531382,2.075262310785268,0.18178310826743999,False,330
5,y ~ (playlist_genre + mode + key + release_month + bin_year) * (danceability + energy + loudness + log_speechiness + logit_acousticness + instrumentalness + sqrt_liveness + valence + tempo + duration_ms),bin_year[T.recent]:energy,-1.173213190945309,0.27665594832823637,-1.715469449990164,-0.6309569319004539,2.075262310785268,2.2345656754076155e-05,True,330
5,y ~ (playlist_genre + mode + key + release_month + bin_year) * (danceability + energy + loudness + log_speechiness + logit_acousticness + instrumentalness + sqrt_liveness + valence + tempo + duration_ms),loudness,-0.13550796157265116,0.02992118086206101,-0.19415462251924953,-0.07686130062605279,2.075262310785268,5.9525466851515935e-06,True,330
5,y ~ (playlist_genre + mode + key + release_month + bin_year) * (danceability + energy + loudness + log_speechiness + logit_acousticness + instrumentalness + sqrt_liveness + valence + tempo + duration_ms),playlist_genre[T.latin]:loudness,0.2373515597297488,0.022161528210687467,0.19391411529791372,0.2807890041615839,2.075262310785268,1.013575250034957e-26,True,330
5,y ~ (playlist_genre + mode + key + release_month + bin_year) * (danceability + energy + loudness + log_speechiness + logit_acousticness + instrumentalness + sqrt_liveness + valence + tempo + duration_ms),playlist_genre[T.pop]:loudness,0.190070485063034,0.02324117622814814,0.14451688914929106,0.23562408097677695,2.075262310785268,2.9873901408156354e-16,True,330
5,y ~ (playlist_genre + mode + key + release_month + bin_year) * (danceability + energy + loudness + log_speechiness + logit_acousticness + instrumentalness + sqrt_liveness + valence + tempo + duration_ms),playlist_genre[T.r&b]:loudness,0.20257547687570668,0.0224514170309421,0.15856983924882162,0.24658111450259174,2.075262310785268,1.9327432203119725e-19,True,330
5,y ~ (playlist_genre + mode + key + release_month + bin_year) * (danceability + energy + loudness + log_speechiness + logit_acousticness + instrumentalness + sqrt_liveness + valence + tempo + duration_ms),playlist_genre[T.rap]:loudness,0.05862046955833951,0.022063483481771406,0.015375196551851884,0.10186574256482714,2.075262310785268,0.00789020676347047,True,330
5,y ~ (playlist_genre + mode + key + release_month + bin_year) * (danceability + energy + loudness + log_speechiness + logit_acousticness + instrumentalness + sqrt_liveness + valence + tempo + duration_ms),playlist_genre[T.rock]:loudness,0.15633089564669309,0.02480369667314033,0.10771469979138912,0.20494709150199705,2.075262310785268,2.962729328311365e-10,True,330
5,y ~ (playlist_genre + mode + key + release_month + bin_year) * (danceability + energy + loudness + log_speechiness + logit_acousticness + instrumentalness + sqrt_liveness + valence + tempo + duration_ms),mode[T.minor]:loudness,-0.010390587846201855,0.012296516929522097,-0.034492232180172014,0.013711056487768304,2.075262310785268,0.39811576387329994,False,330
5,y ~ (playlist_genre + mode + key + release_month + bin_year) * (danceability + energy + loudness + log_speechiness + logit_acousticness + instrumentalness + sqrt_liveness + valence + tempo + duration_ms),key[T.A♯/B♭]:loudness,-0.03172003523037064,0.029194056759018417,-0.08894150507459146,0.025501434613850182,2.075262310785268,0.2772555570799187,False,330
5,y ~ (playlist_genre + mode + key + release_month + bin_year) * (danceability + energy + loudness + log_speechiness + logit_acousticness + instrumentalness + sqrt_liveness + valence + tempo + duration_ms),key[T.B]:loudness,0.013388750094424988,0.026378527078899518,-0.03831417369721054,0.06509167388606052,2.075262310785268,0.6117637302100032,False,330
5,y ~ (playlist_genre + mode + key + release_month + bin_year) * (danceability + energy + loudness + log_speechiness + logit_acousticness + instrumentalness + sqrt_liveness + valence + tempo + duration_ms),key[T.C]:loudness,-0.015670393996952484,0.025531881210250573,-0.06571385944603805,0.03437307145213309,2.075262310785268,0.5393796901665338,False,330
5,y ~ (playlist_genre + mode + key + release_month + bin_year) * (danceability + energy + loudness + log_speechiness + logit_acousticness + instrumentalness + sqrt_liveness + valence + tempo + duration_ms),key[T.C♯/D♭]:loudness,0.03229851104388143,0.025019081665028014,-0.016739847648192092,0.08133686973595494,2.075262310785268,0.19672859838234874,False,330
5,y ~ (playlist_genre + mode + key + release_month + bin_year) * (danceability + energy + loudness + log_speechiness + logit_acousticness + instrumentalness + sqrt_liveness + valence + tempo + duration_ms),key[T.D]:loudness,0.011352822462301976,0.027343049439194373,-0.042240602112053285,0.06494624703665723,2.075262310785268,0.6779986021257882,False,330
5,y ~ (playlist_genre + mode + key + release_month + bin_year) * (danceability + energy + loudness + log_speechiness + logit_acousticness + instrumentalness + sqrt_liveness + valence + tempo + duration_ms),key[T.D♯/E♭]:loudness,-0.056114658811836714,0.03938840777629419,-0.13331744725564706,0.021088129631973644,2.075262310785268,0.15426844352317937,False,330
5,y ~ (playlist_genre + mode + key + release_month + bin_year) * (danceability + energy + loudness + log_speechiness + logit_acousticness + instrumentalness + sqrt_liveness + valence + tempo + duration_ms),key[T.E]:loudness,-0.028268906679370622,0.028922195242558114,-0.0849575175347107,0.02841970417596946,2.075262310785268,0.3283725304595999,False,330
5,y ~ (playlist_genre + mode + key + release_month + bin_year) * (danceability + energy + loudness + log_speechiness + logit_acousticness + instrumentalness + sqrt_liveness + valence + tempo + duration_ms),key[T.F]:loudness,-0.033644713126999015,0.027591827159623817,-0.08772575156553812,0.02043632531154009,2.075262310785268,0.2227118832976013,False,330
5,y ~ (playlist_genre + mode + key + release_month + bin_year) * (danceability + energy + loudness + log_speechiness + logit_acousticness + instrumentalness + sqrt_liveness + valence + tempo + duration_ms),key[T.F♯/G♭]:loudness,-0.024420552064474202,0.027559562645764597,-0.07843835081960537,0.029597246690656963,2.075262310785268,0.37556985783240804,False,330
5,y ~ (playlist_genre + mode + key + release_month + bin_year) * (danceability + energy + loudness + log_speechiness + logit_acousticness + instrumentalness + sqrt_liveness + valence + tempo + duration_ms),key[T.G]:loudness,-0.042277194140119816,0.02530466088880218,-0.09187529905301554,0.007320910772775913,2.075262310785268,0.09478530897859777,False,330
5,y ~ (playlist_genre + mode + key + release_month + bin_year) * (danceability + energy + loudness + log_speechiness + logit_acousticness + instrumentalness + sqrt_liveness + valence + tempo + duration_ms),key[T.G♯/A♭]:loudness,-0.03435674610870612,0.02837990444066558,-0.08998244621397698,0.02126895399656474,2.075262310785268,0.22605725253376552,False,330
5,y ~ (playlist_genre + mode + key + release_month + bin_year) * (danceability + energy + loudness + log_speechiness + logit_acousticness + instrumentalness + sqrt_liveness + valence + tempo + duration_ms),release_month[T.2]:loudness,0.02150508306670447,0.02821073856766937,-0.033789045445751224,0.07679921157916017,2.075262310785268,0.44588582350716743,False,330
5,y ~ (playlist_genre + mode + key + release_month + bin_year) * (danceability + energy + loudness + log_speechiness + logit_acousticness + instrumentalness + sqrt_liveness + valence + tempo + duration_ms),release_month[T.3]:loudness,0.005745458162859318,0.025680280670521503,-0.044588875914416085,0.05607979224013472,2.075262310785268,0.8229685611908215,False,330
5,y ~ (playlist_genre + mode + key + release_month + bin_year) * (danceability + energy + loudness + log_speechiness + logit_acousticness + instrumentalness + sqrt_liveness + valence + tempo + duration_ms),release_month[T.4]:loudness,0.11895931994329162,0.025463219872635796,0.06905043334675193,0.1688682065398313,2.075262310785268,2.9977372404626347e-06,True,330
5,y ~ (playlist_genre + mode + key + release_month + bin_year) * (danceability + energy + loudness + log_speechiness + logit_acousticness + instrumentalness + sqrt_liveness + valence + tempo + duration_ms),release_month[T.5]:loudness,0.05526318125914628,0.025761227105883362,0.00477018906702615,0.10575617345126642,2.075262310785268,0.031943771953440274,True,330
5,y ~ (playlist_genre + mode + key + release_month + bin_year) * (danceability + energy + loudness + log_speechiness + logit_acousticness + instrumentalness + sqrt_liveness + valence + tempo + duration_ms),release_month[T.6]:loudness,0.08849717245540652,0.025715061370179225,0.038094666874148184,0.13889967803666486,2.075262310785268,0.0005793399447465111,True,330
5,y ~ (playlist_genre + mode + key + release_month + bin_year) * (danceability + energy + loudness + log_speechiness + logit_acousticness + instrumentalness + sqrt_liveness + valence + tempo + duration_ms),release_month[T.7]:loudness,0.0593590044348607,0.026899209185687844,0.006635523763516789,0.11208248510620461,2.075262310785268,0.027340767906671348,True,330
5,y ~ (playlist_genre + mode + key + release_month + bin_year) * (danceability + energy + loudness + log_speechiness + logit_acousticness + instrumentalness + sqrt_liveness + valence + tempo + duration_ms),release_month[T.8]:loudness,0.04751514153142172,0.025997951012344957,-0.0034418385876525404,0.09847212165049599,2.075262310785268,0.06761150684726018,False,330
5,y ~ (playlist_genre + mode + key + release_month + bin_year) * (danceability + energy + loudness + log_speechiness + logit_acousticness + instrumentalness + sqrt_liveness + valence + tempo + duration_ms),release_month[T.9]:loudness,0.04936615865117309,0.02468559696778866,0.0009814427434548453,0.09775087455889134,2.075262310785268,0.04553075380310544,True,330
5,y ~ (playlist_genre + mode + key + release_month + bin_year) * (danceability + energy + loudness + log_speechiness + logit_acousticness + instrumentalness + sqrt_liveness + valence + tempo + duration_ms),release_month[T.10]:loudness,0.03109292555226796,0.02267901198604227,-0.013358806907118867,0.07554465801165479,2.075262310785268,0.170384594575754,False,330
5,y ~ (playlist_genre + mode + key + release_month + bin_year) * (danceability + energy + loudness + log_speechiness + logit_acousticness + instrumentalness + sqrt_liveness + valence + tempo + duration_ms),release_month[T.11]:loudness,0.08565364291226221,0.022902998860302365,0.04076288759706704,0.1305443982274574,2.075262310785268,0.0001844562783805482,True,330
5,y ~ (playlist_genre + mode + key + release_month + bin_year) * (danceability + energy + loudness + log_speechiness + logit_acousticness + instrumentalness + sqrt_liveness + valence + tempo + duration_ms),release_month[T.12]:loudness,0.10215994800953804,0.0251394200924074,0.052885721388925826,0.15143417463015024,2.075262310785268,4.8409101317643034e-05,True,330
5,y ~ (playlist_genre + mode + key + release_month + bin_year) * (danceability + energy + loudness + log_speechiness + logit_acousticness + instrumentalness + sqrt_liveness + valence + tempo + duration_ms),bin_year[T.recent]:loudness,0.06367994072155868,0.014651405921433158,0.03496262373375289,0.09239725770936447,2.075262310785268,1.3885779033739604e-05,True,330
5,y ~ (playlist_genre + mode + key + release_month + bin_year) * (danceability + energy + loudness + log_speechiness + logit_acousticness + instrumentalness + sqrt_liveness + valence + tempo + duration_ms),log_speechiness,-0.4424295790774595,0.0947250081500282,-0.6280942245254071,-0.25676493362951197,2.075262310785268,3.0143584308651536e-06,True,330
5,y ~ (playlist_genre + mode + key + release_month + bin_year) * (danceability + energy + loudness + log_speechiness + logit_acousticness + instrumentalness + sqrt_liveness + valence + tempo + duration_ms),playlist_genre[T.latin]:log_speechiness,0.17050824186007338,0.0718003766167597,0.029776752595209982,0.31123973112493675,2.075262310785268,0.017566518198872418,True,330
5,y ~ (playlist_genre + mode + key + release_month + bin_year) * (danceability + energy + loudness + log_speechiness + logit_acousticness + instrumentalness + sqrt_liveness + valence + tempo + duration_ms),playlist_genre[T.pop]:log_speechiness,0.302422412275389,0.07550244885040917,0.15443471958434501,0.450410104966433,2.075262310785268,6.203575930538004e-05,True,330
5,y ~ (playlist_genre + mode + key + release_month + bin_year) * (danceability + energy + loudness + log_speechiness + logit_acousticness + instrumentalness + sqrt_liveness + valence + tempo + duration_ms),playlist_genre[T.r&b]:log_speechiness,0.03897327895371318,0.06896507850558789,-0.09620091737625601,0.17414747528368235,2.075262310785268,0.5719987433199969,False,330
5,y ~ (playlist_genre + mode + key + release_month + bin_year) * (danceability + energy + loudness + log_speechiness + logit_acousticness + instrumentalness + sqrt_liveness + valence + tempo + duration_ms),playlist_genre[T.rap]:log_speechiness,-0.019392763348119277,0.06744066771288251,-0.15157905611521516,0.11279352941897662,2.075262310785268,0.773690827151369,False,330
5,y ~ (playlist_genre + mode + key + release_month + bin_year) * (danceability + energy + loudness + log_speechiness + logit_acousticness + instrumentalness + sqrt_liveness + valence + tempo + duration_ms),playlist_genre[T.rock]:log_speechiness,0.28534145965226043,0.09821218047283045,0.09284182283747625,0.47784109646704465,2.075262310785268,0.0036708615550467946,True,330
5,y ~ (playlist_genre + mode + key + release_month + bin_year) * (danceability + energy + loudness + log_speechiness + logit_acousticness + instrumentalness + sqrt_liveness + valence + tempo + duration_ms),mode[T.minor]:log_speechiness,0.05479130695691912,0.038633718042690536,-0.0209322606924121,0.13051487460625033,2.075262310785268,0.15613483242342574,False,330
5,y ~ (playlist_genre + mode + key + release_month + bin_year) * (danceability + energy + loudness + log_speechiness + logit_acousticness + instrumentalness + sqrt_liveness + valence + tempo + duration_ms),key[T.A♯/B♭]:log_speechiness,-0.06552361517276505,0.08816857572924178,-0.23833740186036545,0.10729017151483537,2.075262310785268,0.4573885268207627,False,330
5,y ~ (playlist_genre + mode + key + release_month + bin_year) * (danceability + energy + loudness + log_speechiness + logit_acousticness + instrumentalness + sqrt_liveness + valence + tempo + duration_ms),key[T.B]:log_speechiness,-0.029694168802835364,0.0836822973044486,-0.1937146778820479,0.13432634027637716,2.075262310785268,0.72270873898337,False,330
5,y ~ (playlist_genre + mode + key + release_month + bin_year) * (danceability + energy + loudness + log_speechiness + logit_acousticness + instrumentalness + sqrt_liveness + valence + tempo + duration_ms),key[T.C]:log_speechiness,0.07821872979390843,0.08369053237557679,-0.08581792034024954,0.2422553799280664,2.075262310785268,0.34999195113124004,False,330
5,y ~ (playlist_genre + mode + key + release_month + bin_year) * (danceability + energy + loudness + log_speechiness + logit_acousticness + instrumentalness + sqrt_liveness + valence + tempo + duration_ms),key[T.C♯/D♭]:log_speechiness,0.0011071591700543605,0.0777504644763443,-0.1512867302825633,0.153501048622672,2.075262310785268,0.9886386732222207,False,330
5,y ~ (playlist_genre + mode + key + release_month + bin_year) * (danceability + energy + loudness + log_speechiness + logit_acousticness + instrumentalness + sqrt_liveness + valence + tempo + duration_ms),key[T.D]:log_speechiness,0.11086869055759545,0.08752747452414716,-0.06068851320365019,0.2824258943188411,2.075262310785268,0.20528147440238326,False,330
5,y ~ (playlist_genre + mode + key + release_month + bin_year) * (danceability + energy + loudness + log_speechiness + logit_acousticness + instrumentalness + sqrt_liveness + valence + tempo + duration_ms),key[T.D♯/E♭]:log_speechiness,0.02871695930319078,0.12988654951692785,-0.22586565446996526,0.28329957307634684,2.075262310785268,0.8250217202184424,False,330
5,y ~ (playlist_genre + mode + key + release_month + bin_year) * (danceability + energy + loudness + log_speechiness + logit_acousticness + instrumentalness + sqrt_liveness + valence + tempo + duration_ms),key[T.E]:log_speechiness,-0.019120883065638267,0.0925591110859442,-0.20054028727968692,0.16229852114841037,2.075262310785268,0.836339014026846,False,330
5,y ~ (playlist_genre + mode + key + release_month + bin_year) * (danceability + energy + loudness + log_speechiness + logit_acousticness + instrumentalness + sqrt_liveness + valence + tempo + duration_ms),key[T.F]:log_speechiness,-0.014043624245367241,0.08891625277665118,-0.1883228865938087,0.16023563810307423,2.075262310785268,0.8745033821942698,False,330
5,y ~ (playlist_genre + mode + key + release_month + bin_year) * (danceability + energy + loudness + log_speechiness + logit_acousticness + instrumentalness + sqrt_liveness + valence + tempo + duration_ms),key[T.F♯/G♭]:log_speechiness,0.13491946759808227,0.08547116631540215,-0.0326072932847245,0.30244622848088903,2.075262310785268,0.11445201959081518,False,330
5,y ~ (playlist_genre + mode + key + release_month + bin_year) * (danceability + energy + loudness + log_speechiness + logit_acousticness + instrumentalness + sqrt_liveness + valence + tempo + duration_ms),key[T.G]:log_speechiness,0.022424133333543213,0.08239740604906619,-0.13907793965335563,0.18392620632044204,2.075262310785268,0.7855114386307457,False,330
5,y ~ (playlist_genre + mode + key + release_month + bin_year) * (danceability + energy + loudness + log_speechiness + logit_acousticness + instrumentalness + sqrt_liveness + valence + tempo + duration_ms),key[T.G♯/A♭]:log_speechiness,0.018860043928018395,0.08952367978644052,-0.15660979863372243,0.19432988648975924,2.075262310785268,0.8331453434594251,False,330
5,y ~ (playlist_genre + mode + key + release_month + bin_year) * (danceability + energy + loudness + log_speechiness + logit_acousticness + instrumentalness + sqrt_liveness + valence + tempo + duration_ms),release_month[T.2]:log_speechiness,0.056663026121597806,0.08851272895936932,-0.11682531408359319,0.2301513663267888,2.075262310785268,0.5220679104661837,False,330
5,y ~ (playlist_genre + mode + key + release_month + bin_year) * (danceability + energy + loudness + log_speechiness + logit_acousticness + instrumentalness + sqrt_liveness + valence + tempo + duration_ms),release_month[T.3]:log_speechiness,-0.057961487304062476,0.08449881608285531,-0.22358240447460365,0.1076594298664787,2.075262310785268,0.4927531707084817,False,330
5,y ~ (playlist_genre + mode + key + release_month + bin_year) * (danceability + energy + loudness + log_speechiness + logit_acousticness + instrumentalness + sqrt_liveness + valence + tempo + duration_ms),release_month[T.4]:log_speechiness,0.1567776634415857,0.08446239364525543,-0.008771864355701237,0.32232719123887266,2.075262310785268,0.06343668093244892,False,330
5,y ~ (playlist_genre + mode + key + release_month + bin_year) * (danceability + energy + loudness + log_speechiness + logit_acousticness + instrumentalness + sqrt_liveness + valence + tempo + duration_ms),release_month[T.5]:log_speechiness,-0.0565388597118393,0.08199293615972736,-0.2172481562180064,0.10417043679432778,2.075262310785268,0.490477395192808,False,330
5,y ~ (playlist_genre + mode + key + release_month + bin_year) * (danceability + energy + loudness + log_speechiness + logit_acousticness + instrumentalness + sqrt_liveness + valence + tempo + duration_ms),release_month[T.6]:log_speechiness,-0.06163689590805265,0.07810208515359406,-0.21471997536074236,0.09144618354463704,2.075262310785268,0.4300104845550097,False,330
5,y ~ (playlist_genre + mode + key + release_month + bin_year) * (danceability + energy + loudness + log_speechiness + logit_acousticness + instrumentalness + sqrt_liveness + valence + tempo + duration_ms),release_month[T.7]:log_speechiness,0.2887795313638822,0.08100742566206907,0.1300018731938465,0.4475571895339179,2.075262310785268,0.00036459230025301604,True,330
5,y ~ (playlist_genre + mode + key + release_month + bin_year) * (danceability + energy + loudness + log_speechiness + logit_acousticness + instrumentalness + sqrt_liveness + valence + tempo + duration_ms),release_month[T.8]:log_speechiness,0.02730743012475093,0.07918029104523233,-0.12788897418797837,0.18250383443748022,2.075262310785268,0.7301894102819975,False,330
5,y ~ (playlist_genre + mode + key + release_month + bin_year) * (danceability + energy + loudness + log_speechiness + logit_acousticness + instrumentalness + sqrt_liveness + valence + tempo + duration_ms),release_month[T.9]:log_speechiness,0.10143358315198153,0.07707777483240283,-0.049641808823802036,0.2525089751277651,2.075262310785268,0.18818684103179073,False,330
5,y ~ (playlist_genre + mode + key + release_month + bin_year) * (danceability + energy + loudness + log_speechiness + logit_acousticness + instrumentalness + sqrt_liveness + valence + tempo + duration_ms),release_month[T.10]:log_speechiness,0.12889310046895727,0.07180393049361863,-0.011845354530719637,0.26963155546863415,2.075262310785268,0.07265196361643256,False,330
5,y ~ (playlist_genre + mode + key + release_month + bin_year) * (danceability + energy + loudness + log_speechiness + logit_acousticness + instrumentalness + sqrt_liveness + valence + tempo + duration_ms),release_month[T.11]:log_speechiness,0.22362297899830894,0.06912559506819524,0.08813416405529287,0.359111793941325,2.075262310785268,0.0012175618846182819,True,330
5,y ~ (playlist_genre + mode + key + release_month + bin_year) * (danceability + energy + loudness + log_speechiness + logit_acousticness + instrumentalness + sqrt_liveness + valence + tempo + duration_ms),release_month[T.12]:log_speechiness,0.13826145982629257,0.07816176995773085,-0.014938604129382194,0.2914615237819673,2.075262310785268,0.07691775379501259,False,330
5,y ~ (playlist_genre + mode + key + release_month + bin_year) * (danceability + energy + loudness + log_speechiness + logit_acousticness + instrumentalness + sqrt_liveness + valence + tempo + duration_ms),bin_year[T.recent]:log_speechiness,0.22754862612740293,0.047518478772153004,0.13441058702072609,0.32068666523407974,2.075262310785268,1.6867233550290975e-06,True,330
5,y ~ (playlist_genre + mode + key + release_month + bin_year) * (danceability + energy + loudness + log_speechiness + logit_acousticness + instrumentalness + sqrt_liveness + valence + tempo + duration_ms),logit_acousticness,0.09067945827746363,0.028433222789666632,0.03494925216521021,0.14640966438971703,2.075262310785268,0.0014280101392306651,True,330
5,y ~ (playlist_genre + mode + key + release_month + bin_year) * (danceability + energy + loudness + log_speechiness + logit_acousticness + instrumentalness + sqrt_liveness + valence + tempo + duration_ms),playlist_genre[T.latin]:logit_acousticness,0.007297009258421474,0.022568490594563066,-0.036938097038939584,0.05153211555578253,2.075262310785268,0.7464494949634234,False,330
5,y ~ (playlist_genre + mode + key + release_month + bin_year) * (danceability + energy + loudness + log_speechiness + logit_acousticness + instrumentalness + sqrt_liveness + valence + tempo + duration_ms),playlist_genre[T.pop]:logit_acousticness,-0.07111345390732615,0.02043478211355224,-0.11116640982694627,-0.031060497987706034,2.075262310785268,0.0005020451299249169,True,330
5,y ~ (playlist_genre + mode + key + release_month + bin_year) * (danceability + energy + loudness + log_speechiness + logit_acousticness + instrumentalness + sqrt_liveness + valence + tempo + duration_ms),playlist_genre[T.r&b]:logit_acousticness,-0.09523649015942712,0.02253183916584991,-0.13939975825217793,-0.0510732220666763,2.075262310785268,2.3774751620448463e-05,True,330
5,y ~ (playlist_genre + mode + key + release_month + bin_year) * (danceability + energy + loudness + log_speechiness + logit_acousticness + instrumentalness + sqrt_liveness + valence + tempo + duration_ms),playlist_genre[T.rap]:logit_acousticness,-0.10742750621206232,0.020534689624929634,-0.1476762846820283,-0.06717872774209634,2.075262310785268,1.69188011863885e-07,True,330
5,y ~ (playlist_genre + mode + key + release_month + bin_year) * (danceability + energy + loudness + log_speechiness + logit_acousticness + instrumentalness + sqrt_liveness + valence + tempo + duration_ms),playlist_genre[T.rock]:logit_acousticness,-0.1361492387102283,0.020435408009701988,-0.1762034214102837,-0.0960950560101729,2.075262310785268,2.7373160183155304e-11,True,330
5,y ~ (playlist_genre + mode + key + release_month + bin_year) * (danceability + energy + loudness + log_speechiness + logit_acousticness + instrumentalness + sqrt_liveness + valence + tempo + duration_ms),mode[T.minor]:logit_acousticness,0.0021890098696289695,0.012450570725068921,-0.022214585806322715,0.026592605545580652,2.075262310785268,0.8604395940395975,False,330
5,y ~ (playlist_genre + mode + key + release_month + bin_year) * (danceability + energy + loudness + log_speechiness + logit_acousticness + instrumentalness + sqrt_liveness + valence + tempo + duration_ms),key[T.A♯/B♭]:logit_acousticness,0.016132008076387993,0.029641171952688512,-0.04196582467904704,0.07422984083182303,2.075262310785268,0.5862778878873418,False,330
5,y ~ (playlist_genre + mode + key + release_month + bin_year) * (danceability + energy + loudness + log_speechiness + logit_acousticness + instrumentalness + sqrt_liveness + valence + tempo + duration_ms),key[T.B]:logit_acousticness,0.01454278809989541,0.026991127700128074,-0.03836085638169191,0.06744643258148274,2.075262310785268,0.5900294270483017,False,330
5,y ~ (playlist_genre + mode + key + release_month + bin_year) * (danceability + energy + loudness + log_speechiness + logit_acousticness + instrumentalness + sqrt_liveness + valence + tempo + duration_ms),key[T.C]:logit_acousticness,0.005695302376302321,0.026826957541703163,-0.04688656230444489,0.058277167057049536,2.075262310785268,0.8318761165514375,False,330
5,y ~ (playlist_genre + mode + key + release_month + bin_year) * (danceability + energy + loudness + log_speechiness + logit_acousticness + instrumentalness + sqrt_liveness + valence + tempo + duration_ms),key[T.C♯/D♭]:logit_acousticness,0.009295993365566675,0.02515610591232141,-0.040010938101409196,0.05860292483254255,2.075262310785268,0.7117334631166834,False,330
5,y ~ (playlist_genre + mode + key + release_month + bin_year) * (danceability + energy + loudness + log_speechiness + logit_acousticness + instrumentalness + sqrt_liveness + valence + tempo + duration_ms),key[T.D]:logit_acousticness,-0.000408793796914826,0.02691256759597804,-0.05315845746426703,0.05234086987043738,2.075262310785268,0.9878809347910341,False,330
5,y ~ (playlist_genre + mode + key + release_month + bin_year) * (danceability + energy + loudness + log_speechiness + logit_acousticness + instrumentalness + sqrt_liveness + valence + tempo + duration_ms),key[T.D♯/E♭]:logit_acousticness,-0.015544389410871115,0.03973944827330951,-0.09343523067926392,0.06234645185752168,2.075262310785268,0.6956833170090718,False,330
5,y ~ (playlist_genre + mode + key + release_month + bin_year) * (danceability + energy + loudness + log_speechiness + logit_acousticness + instrumentalness + sqrt_liveness + valence + tempo + duration_ms),key[T.E]:logit_acousticness,0.027408221152933555,0.029011927513996245,-0.029456268392597965,0.08427271069846508,2.075262310785268,0.3448077104523054,False,330
5,y ~ (playlist_genre + mode + key + release_month + bin_year) * (danceability + energy + loudness + log_speechiness + logit_acousticness + instrumentalness + sqrt_liveness + valence + tempo + duration_ms),key[T.F]:logit_acousticness,0.007199847732903299,0.02837523698180981,-0.04841670397417236,0.06281639943997896,2.075262310785268,0.7997003756724109,False,330
5,y ~ (playlist_genre + mode + key + release_month + bin_year) * (danceability + energy + loudness + log_speechiness + logit_acousticness + instrumentalness + sqrt_liveness + valence + tempo + duration_ms),key[T.F♯/G♭]:logit_acousticness,0.05082484417676086,0.02823471811403408,-0.004516285165367562,0.10616597351888928,2.075262310785268,0.07185692754484267,False,330
5,y ~ (playlist_genre + mode + key + release_month + bin_year) * (danceability + energy + loudness + log_speechiness + logit_acousticness + instrumentalness + sqrt_liveness + valence + tempo + duration_ms),key[T.G]:logit_acousticness,-0.008250718590132784,0.026358101348160464,-0.05991360716688951,0.04341216998662395,2.075262310785268,0.7542644658556003,False,330
5,y ~ (playlist_genre + mode + key + release_month + bin_year) * (danceability + energy + loudness + log_speechiness + logit_acousticness + instrumentalness + sqrt_liveness + valence + tempo + duration_ms),key[T.G♯/A♭]:logit_acousticness,-0.005354496269219184,0.02857045540848153,-0.061353683572541035,0.05064469103410267,2.075262310785268,0.8513374317596447,False,330
5,y ~ (playlist_genre + mode + key + release_month + bin_year) * (danceability + energy + loudness + log_speechiness + logit_acousticness + instrumentalness + sqrt_liveness + valence + tempo + duration_ms),release_month[T.2]:logit_acousticness,0.033892009813180586,0.02871071705310185,-0.022382095687848172,0.09016611531420934,2.075262310785268,0.2378239376053594,False,330
5,y ~ (playlist_genre + mode + key + release_month + bin_year) * (danceability + energy + loudness + log_speechiness + logit_acousticness + instrumentalness + sqrt_liveness + valence + tempo + duration_ms),release_month[T.3]:logit_acousticness,0.02307188148325415,0.025162942546363344,-0.026248450048395693,0.07239221301490399,2.075262310785268,0.3592023998603555,False,330
5,y ~ (playlist_genre + mode + key + release_month + bin_year) * (danceability + energy + loudness + log_speechiness + logit_acousticness + instrumentalness + sqrt_liveness + valence + tempo + duration_ms),release_month[T.4]:logit_acousticness,0.05053572536489317,0.027049756178109043,-0.0024828331799397266,0.10355428390972607,2.075262310785268,0.061736292916476206,False,330
5,y ~ (playlist_genre + mode + key + release_month + bin_year) * (danceability + energy + loudness + log_speechiness + logit_acousticness + instrumentalness + sqrt_liveness + valence + tempo + duration_ms),release_month[T.5]:logit_acousticness,0.06374950931681168,0.025428180213168394,0.013909301795404158,0.11358971683821921,2.075262310785268,0.012179561364244217,True,330
5,y ~ (playlist_genre + mode + key + release_month + bin_year) * (danceability + energy + loudness + log_speechiness + logit_acousticness + instrumentalness + sqrt_liveness + valence + tempo + duration_ms),release_month[T.6]:logit_acousticness,-0.0026242953554764053,0.02536157326300423,-0.05233395070245696,0.04708535999150415,2.075262310785268,0.9175864348777415,False,330
5,y ~ (playlist_genre + mode + key + release_month + bin_year) * (danceability + energy + loudness + log_speechiness + logit_acousticness + instrumentalness + sqrt_liveness + valence + tempo + duration_ms),release_month[T.7]:logit_acousticness,0.0056589133282362045,0.02760245726482229,-0.048442960523793946,0.05976078718026635,2.075262310785268,0.83756183893424,False,330
5,y ~ (playlist_genre + mode + key + release_month + bin_year) * (danceability + energy + loudness + log_speechiness + logit_acousticness + instrumentalness + sqrt_liveness + valence + tempo + duration_ms),release_month[T.8]:logit_acousticness,0.008904211097481097,0.02597007782914622,-0.041998136514537564,0.05980655870949975,2.075262310785268,0.731702850375602,False,330
5,y ~ (playlist_genre + mode + key + release_month + bin_year) * (danceability + energy + loudness + log_speechiness + logit_acousticness + instrumentalness + sqrt_liveness + valence + tempo + duration_ms),release_month[T.9]:logit_acousticness,0.015315052400527569,0.023571330621354167,-0.03088565877406173,0.06151576357511687,2.075262310785268,0.515869899494398,False,330
5,y ~ (playlist_genre + mode + key + release_month + bin_year) * (danceability + energy + loudness + log_speechiness + logit_acousticness + instrumentalness + sqrt_liveness + valence + tempo + duration_ms),release_month[T.10]:logit_acousticness,-0.008799553744285975,0.023072366292793273,-0.05402227571662885,0.0364231682280569,2.075262310785268,0.7029169346271606,False,330
5,y ~ (playlist_genre + mode + key + release_month + bin_year) * (danceability + energy + loudness + log_speechiness + logit_acousticness + instrumentalness + sqrt_liveness + valence + tempo + duration_ms),release_month[T.11]:logit_acousticness,-0.004592025323553949,0.022912497753134045,-0.04950139883265784,0.040317348185549946,2.075262310785268,0.84115672296957,False,330
5,y ~ (playlist_genre + mode + key + release_month + bin_year) * (danceability + energy + loudness + log_speechiness + logit_acousticness + instrumentalness + sqrt_liveness + valence + tempo + duration_ms),release_month[T.12]:logit_acousticness,-0.002309100097804902,0.025729381562200632,-0.05273967380411623,0.048121473608506424,2.075262310785268,0.92848990118398,False,330
5,y ~ (playlist_genre + mode + key + release_month + bin_year) * (danceability + energy + loudness + log_speechiness + logit_acousticness + instrumentalness + sqrt_liveness + valence + tempo + duration_ms),bin_year[T.recent]:logit_acousticness,0.0026661170042899646,0.014545896126388876,-0.025844396742526324,0.03117663075110625,2.075262310785268,0.8545716606319118,False,330
5,y ~ (playlist_genre + mode + key + release_month + bin_year) * (danceability + energy + loudness + log_speechiness + logit_acousticness + instrumentalness + sqrt_liveness + valence + tempo + duration_ms),instrumentalness,-0.34582584947514267,0.29968345869699414,-0.9332169111625359,0.24156521221225064,2.075262310785268,0.24852093347429377,False,330
5,y ~ (playlist_genre + mode + key + release_month + bin_year) * (danceability + energy + loudness + log_speechiness + logit_acousticness + instrumentalness + sqrt_liveness + valence + tempo + duration_ms),playlist_genre[T.latin]:instrumentalness,-0.0794226579760814,0.21220184993476185,-0.49534641455297007,0.3365010986008073,2.075262310785268,0.7081993745903481,False,330
5,y ~ (playlist_genre + mode + key + release_month + bin_year) * (danceability + energy + loudness + log_speechiness + logit_acousticness + instrumentalness + sqrt_liveness + valence + tempo + duration_ms),playlist_genre[T.pop]:instrumentalness,-0.31996804232029413,0.19842514523051913,-0.7088889298100343,0.06895284516944594,2.075262310785268,0.10685485373763251,False,330
5,y ~ (playlist_genre + mode + key + release_month + bin_year) * (danceability + energy + loudness + log_speechiness + logit_acousticness + instrumentalness + sqrt_liveness + valence + tempo + duration_ms),playlist_genre[T.r&b]:instrumentalness,-0.510901849576941,0.2759534741986562,-1.0517812324118907,0.02997753325800878,2.075262310785268,0.06412043288892345,False,330
5,y ~ (playlist_genre + mode + key + release_month + bin_year) * (danceability + energy + loudness + log_speechiness + logit_acousticness + instrumentalness + sqrt_liveness + valence + tempo + duration_ms),playlist_genre[T.rap]:instrumentalness,0.15642099703710358,0.17815490157467234,-0.19276943621455808,0.5056114302887652,2.075262310785268,0.3799473019262454,False,330
5,y ~ (playlist_genre + mode + key + release_month + bin_year) * (danceability + energy + loudness + log_speechiness + logit_acousticness + instrumentalness + sqrt_liveness + valence + tempo + duration_ms),playlist_genre[T.rock]:instrumentalness,-0.7152251954370816,0.2321472195840536,-1.170242640751361,-0.2602077501228022,2.075262310785268,0.0020654303618205354,True,330
5,y ~ (playlist_genre + mode + key + release_month + bin_year) * (danceability + energy + loudness + log_speechiness + logit_acousticness + instrumentalness + sqrt_liveness + valence + tempo + duration_ms),mode[T.minor]:instrumentalness,-0.1767513566259038,0.12165307675409719,-0.4151960483109969,0.06169333505918925,2.075262310785268,0.1462576969313638,False,330
5,y ~ (playlist_genre + mode + key + release_month + bin_year) * (danceability + energy + loudness + log_speechiness + logit_acousticness + instrumentalness + sqrt_liveness + valence + tempo + duration_ms),key[T.A♯/B♭]:instrumentalness,0.3750768135332093,0.27655417459191983,-0.166979965088913,0.9171335921553316,2.075262310785268,0.17502898612430862,False,330
5,y ~ (playlist_genre + mode + key + release_month + bin_year) * (danceability + energy + loudness + log_speechiness + logit_acousticness + instrumentalness + sqrt_liveness + valence + tempo + duration_ms),key[T.B]:instrumentalness,0.27360657586647386,0.26435473150440336,-0.24453882687148099,0.7917519786044287,2.075262310785268,0.30067776225540077,False,330
5,y ~ (playlist_genre + mode + key + release_month + bin_year) * (danceability + energy + loudness + log_speechiness + logit_acousticness + instrumentalness + sqrt_liveness + valence + tempo + duration_ms),key[T.C]:instrumentalness,0.0014166354873488584,0.25518627197204896,-0.49875823526941726,0.501591506244115,2.075262310785268,0.9955706985512516,False,330
5,y ~ (playlist_genre + mode + key + release_month + bin_year) * (danceability + energy + loudness + log_speechiness + logit_acousticness + instrumentalness + sqrt_liveness + valence + tempo + duration_ms),key[T.C♯/D♭]:instrumentalness,-0.22359238677142457,0.25151092407956543,-0.7165634348346626,0.2693786612918134,2.075262310785268,0.37401154224704025,False,330
5,y ~ (playlist_genre + mode + key + release_month + bin_year) * (danceability + energy + loudness + log_speechiness + logit_acousticness + instrumentalness + sqrt_liveness + valence + tempo + duration_ms),key[T.D]:instrumentalness,-0.015902651188036375,0.2693004500534715,-0.5437418517818196,0.5119365494057468,2.075262310785268,0.952911293656554,False,330
5,y ~ (playlist_genre + mode + key + release_month + bin_year) * (danceability + energy + loudness + log_speechiness + logit_acousticness + instrumentalness + sqrt_liveness + valence + tempo + duration_ms),key[T.D♯/E♭]:instrumentalness,-0.6631559470541675,0.40503024500937995,-1.4570307463707137,0.13071885226237878,2.075262310785268,0.10157769726984459,False,330
5,y ~ (playlist_genre + mode + key + release_month + bin_year) * (danceability + energy + loudness + log_speechiness + logit_acousticness + instrumentalness + sqrt_liveness + valence + tempo + duration_ms),key[T.E]:instrumentalness,-0.3787074994276032,0.2876654712721247,-0.942542845282254,0.1851278464270476,2.075262310785268,0.1880205051465709,False,330
5,y ~ (playlist_genre + mode + key + release_month + bin_year) * (danceability + energy + loudness + log_speechiness + logit_acousticness + instrumentalness + sqrt_liveness + valence + tempo + duration_ms),key[T.F]:instrumentalness,-0.34752539260274,0.26613761578522593,-0.869165316843922,0.17411453163844198,2.075262310785268,0.19162629310071974,False,330
5,y ~ (playlist_genre + mode + key + release_month + bin_year) * (danceability + energy + loudness + log_speechiness + logit_acousticness + instrumentalness + sqrt_liveness + valence + tempo + duration_ms),key[T.F♯/G♭]:instrumentalness,0.24098158934392647,0.2783937135888564,-0.30468075619578294,0.7866439348836358,2.075262310785268,0.38670819811177815,False,330
5,y ~ (playlist_genre + mode + key + release_month + bin_year) * (danceability + energy + loudness + log_speechiness + logit_acousticness + instrumentalness + sqrt_liveness + valence + tempo + duration_ms),key[T.G]:instrumentalness,-0.3288257521234198,0.2505493991996707,-0.8199121745803735,0.1622606703335338,2.075262310785268,0.18938829109651223,False,330
5,y ~ (playlist_genre + mode + key + release_month + bin_year) * (danceability + energy + loudness + log_speechiness + logit_acousticness + instrumentalness + sqrt_liveness + valence + tempo + duration_ms),key[T.G♯/A♭]:instrumentalness,-0.006335453347618185,0.2801358279860126,-0.5554124098564339,0.5427415031611975,2.075262310785268,0.9819570029034476,False,330
5,y ~ (playlist_genre + mode + key + release_month + bin_year) * (danceability + energy + loudness + log_speechiness + logit_acousticness + instrumentalness + sqrt_liveness + valence + tempo + duration_ms),release_month[T.2]:instrumentalness,-0.5495494047956154,0.29865543823173574,-1.1349255069815734,0.0358266973903425,2.075262310785268,0.0657660155354019,False,330
5,y ~ (playlist_genre + mode + key + release_month + bin_year) * (danceability + energy + loudness + log_speechiness + logit_acousticness + instrumentalness + sqrt_liveness + valence + tempo + duration_ms),release_month[T.3]:instrumentalness,-0.31814067171068183,0.2610341565386235,-0.8297776202848914,0.19349627686352777,2.075262310785268,0.22294040331377374,False,330
5,y ~ (playlist_genre + mode + key + release_month + bin_year) * (danceability + energy + loudness + log_speechiness + logit_acousticness + instrumentalness + sqrt_liveness + valence + tempo + duration_ms),release_month[T.4]:instrumentalness,0.27479330524771,0.2646821604477596,-0.24399387076495754,0.7935804812603775,2.075262310785268,0.2991843144668931,False,330
5,y ~ (playlist_genre + mode + key + release_month + bin_year) * (danceability + energy + loudness + log_speechiness + logit_acousticness + instrumentalness + sqrt_liveness + valence + tempo + duration_ms),release_month[T.5]:instrumentalness,-0.5027786274954232,0.2686806139277008,-1.0294029255331172,0.023845670542270714,2.075262310785268,0.061314407577666256,False,330
5,y ~ (playlist_genre + mode + key + release_month + bin_year) * (danceability + energy + loudness + log_speechiness + logit_acousticness + instrumentalness + sqrt_liveness + valence + tempo + duration_ms),release_month[T.6]:instrumentalness,-0.4776690317922827,0.2556220876008877,-0.9786981178802407,0.023360054295675337,2.075262310785268,0.06168023255586955,False,330
5,y ~ (playlist_genre + mode + key + release_month + bin_year) * (danceability + energy + loudness + log_speechiness + logit_acousticness + instrumentalness + sqrt_liveness + valence + tempo + duration_ms),release_month[T.7]:instrumentalness,-0.28271193354154384,0.2644294975127992,-0.8010038805206814,0.23558001343759366,2.075262310785268,0.285015049601706,False,330
5,y ~ (playlist_genre + mode + key + release_month + bin_year) * (danceability + energy + loudness + log_speechiness + logit_acousticness + instrumentalness + sqrt_liveness + valence + tempo + duration_ms),release_month[T.8]:instrumentalness,-1.2970183617474786,0.25687915372266606,-1.8005113455997415,-0.7935253778952159,2.075262310785268,4.4624690721423614e-07,True,330
5,y ~ (playlist_genre + mode + key + release_month + bin_year) * (danceability + energy + loudness + log_speechiness + logit_acousticness + instrumentalness + sqrt_liveness + valence + tempo + duration_ms),release_month[T.9]:instrumentalness,-0.2823488592946849,0.2539512712074873,-0.780103081232745,0.21540536264337523,2.075262310785268,0.26622264391763034,False,330
5,y ~ (playlist_genre + mode + key + release_month + bin_year) * (danceability + energy + loudness + log_speechiness + logit_acousticness + instrumentalness + sqrt_liveness + valence + tempo + duration_ms),release_month[T.10]:instrumentalness,-0.49677998443132126,0.23966025191563997,-0.9665232609841017,-0.02703670787854079,2.075262310785268,0.03819415805432466,True,330
5,y ~ (playlist_genre + mode + key + release_month + bin_year) * (danceability + energy + loudness + log_speechiness + logit_acousticness + instrumentalness + sqrt_liveness + valence + tempo + duration_ms),release_month[T.11]:instrumentalness,0.08244253516644988,0.23975923780309058,-0.38749475751846707,0.5523798278513669,2.075262310785268,0.7309572163913469,False,330
5,y ~ (playlist_genre + mode + key + release_month + bin_year) * (danceability + energy + loudness + log_speechiness + logit_acousticness + instrumentalness + sqrt_liveness + valence + tempo + duration_ms),release_month[T.12]:instrumentalness,0.016878002310673348,0.2426506615201442,-0.4587265916471693,0.4924825962685159,2.075262310785268,0.9445468620001932,False,330
5,y ~ (playlist_genre + mode + key + release_month + bin_year) * (danceability + energy + loudness + log_speechiness + logit_acousticness + instrumentalness + sqrt_liveness + valence + tempo + duration_ms),bin_year[T.recent]:instrumentalness,0.512754394388393,0.20049970605327028,0.11976728819739668,0.9057415005793893,2.075262310785268,0.01055090525405901,True,330
5,y ~ (playlist_genre + mode + key + release_month + bin_year) * (danceability + energy + loudness + log_speechiness + logit_acousticness + instrumentalness + sqrt_liveness + valence + tempo + duration_ms),sqrt_liveness,-0.17164694861156338,0.39821958077828606,-0.9521725850784394,0.6088786878553126,2.075262310785268,0.6664451542002561,False,330
5,y ~ (playlist_genre + mode + key + release_month + bin_year) * (danceability + energy + loudness + log_speechiness + logit_acousticness + instrumentalness + sqrt_liveness + valence + tempo + duration_ms),playlist_genre[T.latin]:sqrt_liveness,-0.258157080196391,0.27623594081787484,-0.799590108427972,0.2832759480351899,2.075262310785268,0.3500258683621309,False,330
5,y ~ (playlist_genre + mode + key + release_month + bin_year) * (danceability + energy + loudness + log_speechiness + logit_acousticness + instrumentalness + sqrt_liveness + valence + tempo + duration_ms),playlist_genre[T.pop]:sqrt_liveness,-0.021614418462802723,0.2796222177325896,-0.5696846791954705,0.526455842269865,2.075262310785268,0.9383864535863954,False,330
5,y ~ (playlist_genre + mode + key + release_month + bin_year) * (danceability + energy + loudness + log_speechiness + logit_acousticness + instrumentalness + sqrt_liveness + valence + tempo + duration_ms),playlist_genre[T.r&b]:sqrt_liveness,-0.6252908994587105,0.28907620550520086,-1.1918913384637417,-0.058690460453679316,2.075262310785268,0.030543506618140995,True,330
5,y ~ (playlist_genre + mode + key + release_month + bin_year) * (danceability + energy + loudness + log_speechiness + logit_acousticness + instrumentalness + sqrt_liveness + valence + tempo + duration_ms),playlist_genre[T.rap]:sqrt_liveness,0.04525077437933049,0.27443259333586817,-0.49264762369063647,0.5831491724492974,2.075262310785268,0.8690328007229371,False,330
5,y ~ (playlist_genre + mode + key + release_month + bin_year) * (danceability + energy + loudness + log_speechiness + logit_acousticness + instrumentalness + sqrt_liveness + valence + tempo + duration_ms),playlist_genre[T.rock]:sqrt_liveness,-1.0570994148648722,0.30300592769069423,-1.6510026430833058,-0.4631961866464388,2.075262310785268,0.0004860135440867891,True,330
5,y ~ (playlist_genre + mode + key + release_month + bin_year) * (danceability + energy + loudness + log_speechiness + logit_acousticness + instrumentalness + sqrt_liveness + valence + tempo + duration_ms),mode[T.minor]:sqrt_liveness,-0.32560276952127093,0.17727127347874555,-0.6730612578479107,0.021855718805368907,2.075262310785268,0.06625630563246827,False,330
5,y ~ (playlist_genre + mode + key + release_month + bin_year) * (danceability + energy + loudness + log_speechiness + logit_acousticness + instrumentalness + sqrt_liveness + valence + tempo + duration_ms),key[T.A♯/B♭]:sqrt_liveness,0.03052025864218942,0.41511868779548283,-0.7831282750828783,0.8441687923672572,2.075262310785268,0.941391385654935,False,330
5,y ~ (playlist_genre + mode + key + release_month + bin_year) * (danceability + energy + loudness + log_speechiness + logit_acousticness + instrumentalness + sqrt_liveness + valence + tempo + duration_ms),key[T.B]:sqrt_liveness,-0.0546011509050789,0.38089339681774764,-0.8011668029409763,0.6919645011308185,2.075262310785268,0.8860145032517243,False,330
5,y ~ (playlist_genre + mode + key + release_month + bin_year) * (danceability + energy + loudness + log_speechiness + logit_acousticness + instrumentalness + sqrt_liveness + valence + tempo + duration_ms),key[T.C]:sqrt_liveness,-0.10837320954282102,0.3725898695520237,-0.8386636299807834,0.6219172108951413,2.075262310785268,0.7711567537290898,False,330
5,y ~ (playlist_genre + mode + key + release_month + bin_year) * (danceability + energy + loudness + log_speechiness + logit_acousticness + instrumentalness + sqrt_liveness + valence + tempo + duration_ms),key[T.C♯/D♭]:sqrt_liveness,0.004537522441561382,0.3616074116423106,-0.7042268596906097,0.7133019045737324,2.075262310785268,0.989988325419358,False,330
5,y ~ (playlist_genre + mode + key + release_month + bin_year) * (danceability + energy + loudness + log_speechiness + logit_acousticness + instrumentalness + sqrt_liveness + valence + tempo + duration_ms),key[T.D]:sqrt_liveness,-0.05396208215622485,0.38705677000087474,-0.8126081817862388,0.7046840174737891,2.075262310785268,0.88912195103701,False,330
5,y ~ (playlist_genre + mode + key + release_month + bin_year) * (danceability + energy + loudness + log_speechiness + logit_acousticness + instrumentalness + sqrt_liveness + valence + tempo + duration_ms),key[T.D♯/E♭]:sqrt_liveness,0.01076520773195256,0.6266597740818227,-1.2175119605013431,1.2390423759652485,2.075262310785268,0.9862941524898446,False,330
5,y ~ (playlist_genre + mode + key + release_month + bin_year) * (danceability + energy + loudness + log_speechiness + logit_acousticness + instrumentalness + sqrt_liveness + valence + tempo + duration_ms),key[T.E]:sqrt_liveness,0.30676620443071445,0.40652612795512305,-0.49004058277558893,1.1035729916370178,2.075262310785268,0.4504922465075065,False,330
5,y ~ (playlist_genre + mode + key + release_month + bin_year) * (danceability + energy + loudness + log_speechiness + logit_acousticness + instrumentalness + sqrt_liveness + valence + tempo + duration_ms),key[T.F]:sqrt_liveness,-0.23134471906730172,0.3891799823398658,-0.9941523962345287,0.5314629580999253,2.075262310785268,0.552221095231255,False,330
5,y ~ (playlist_genre + mode + key + release_month + bin_year) * (danceability + energy + loudness + log_speechiness + logit_acousticness + instrumentalness + sqrt_liveness + valence + tempo + duration_ms),key[T.F♯/G♭]:sqrt_liveness,-0.0969507177652096,0.3949292189818625,-0.8710271190379235,0.6771256835075044,2.075262310785268,0.8060795229344635,False,330
5,y ~ (playlist_genre + mode + key + release_month + bin_year) * (danceability + energy + loudness + log_speechiness + logit_acousticness + instrumentalness + sqrt_liveness + valence + tempo + duration_ms),key[T.G]:sqrt_liveness,-0.12972695176423088,0.3681452084260066,-0.8513056660940107,0.5918517625655489,2.075262310785268,0.7245557414097201,False,330
5,y ~ (playlist_genre + mode + key + release_month + bin_year) * (danceability + energy + loudness + log_speechiness + logit_acousticness + instrumentalness + sqrt_liveness + valence + tempo + duration_ms),key[T.G♯/A♭]:sqrt_liveness,0.13448534275175547,0.4130034193494989,-0.6750171837707706,0.9439878692742816,2.075262310785268,0.7447082063664688,False,330
5,y ~ (playlist_genre + mode + key + release_month + bin_year) * (danceability + energy + loudness + log_speechiness + logit_acousticness + instrumentalness + sqrt_liveness + valence + tempo + duration_ms),release_month[T.2]:sqrt_liveness,-0.5433096828905917,0.4166302090454702,-1.359920856180931,0.2733014903997477,2.075262310785268,0.19222343677971548,False,330
5,y ~ (playlist_genre + mode + key + release_month + bin_year) * (danceability + energy + loudness + log_speechiness + logit_acousticness + instrumentalness + sqrt_liveness + valence + tempo + duration_ms),release_month[T.3]:sqrt_liveness,0.5700578467396696,0.3675955605777372,-0.1504435367472503,1.2905592302265896,2.075262310785268,0.12096563253441275,False,330
5,y ~ (playlist_genre + mode + key + release_month + bin_year) * (danceability + energy + loudness + log_speechiness + logit_acousticness + instrumentalness + sqrt_liveness + valence + tempo + duration_ms),release_month[T.4]:sqrt_liveness,0.16152242270937442,0.3984200352642655,-0.6193961122306152,0.9424409576493641,2.075262310785268,0.6851808044119181,False,330
5,y ~ (playlist_genre + mode + key + release_month + bin_year) * (danceability + energy + loudness + log_speechiness + logit_acousticness + instrumentalness + sqrt_liveness + valence + tempo + duration_ms),release_month[T.5]:sqrt_liveness,0.289420997165586,0.3672392192220819,-0.43038194361071014,1.0092239379418821,2.075262310785268,0.4306444370547926,False,330
5,y ~ (playlist_genre + mode + key + release_month + bin_year) * (danceability + energy + loudness + log_speechiness + logit_acousticness + instrumentalness + sqrt_liveness + valence + tempo + duration_ms),release_month[T.6]:sqrt_liveness,-0.3306391582762393,0.35682887613982656,-1.0300374277296556,0.368759111177177,2.075262310785268,0.35413904660222906,False,330
5,y ~ (playlist_genre + mode + key + release_month + bin_year) * (danceability + energy + loudness + log_speechiness + logit_acousticness + instrumentalness + sqrt_liveness + valence + tempo + duration_ms),release_month[T.7]:sqrt_liveness,-0.16401743129336485,0.3816612870258908,-0.9120881775596269,0.5840533149728971,2.075262310785268,0.6673832811879685,False,330
5,y ~ (playlist_genre + mode + key + release_month + bin_year) * (danceability + energy + loudness + log_speechiness + logit_acousticness + instrumentalness + sqrt_liveness + valence + tempo + duration_ms),release_month[T.8]:sqrt_liveness,-0.0779377732690189,0.36228406581663564,-0.7880284235094803,0.6321528769714426,2.075262310785268,0.8296681954909013,False,330
5,y ~ (playlist_genre + mode + key + release_month + bin_year) * (danceability + energy + loudness + log_speechiness + logit_acousticness + instrumentalness + sqrt_liveness + valence + tempo + duration_ms),release_month[T.9]:sqrt_liveness,0.7148611154245746,0.35044196248978454,0.027981441445582234,1.4017407894035672,2.075262310785268,0.04137005016338669,True,330
5,y ~ (playlist_genre + mode + key + release_month + bin_year) * (danceability + energy + loudness + log_speechiness + logit_acousticness + instrumentalness + sqrt_liveness + valence + tempo + duration_ms),release_month[T.10]:sqrt_liveness,0.7466470689118433,0.32073819330114134,0.11798792066922648,1.37530621715446,2.075262310785268,0.01992352720649649,True,330
5,y ~ (playlist_genre + mode + key + release_month + bin_year) * (danceability + energy + loudness + log_speechiness + logit_acousticness + instrumentalness + sqrt_liveness + valence + tempo + duration_ms),release_month[T.11]:sqrt_liveness,0.40599153951663747,0.321576658348548,-0.2243110323454388,1.0362941113787136,2.075262310785268,0.20677702318022198,False,330
5,y ~ (playlist_genre + mode + key + release_month + bin_year) * (danceability + energy + loudness + log_speechiness + logit_acousticness + instrumentalness + sqrt_liveness + valence + tempo + duration_ms),release_month[T.12]:sqrt_liveness,-0.25972163650286806,0.3540087208012682,-0.9535922934359216,0.43414902043018544,2.075262310785268,0.4631620635591138,False,330
5,y ~ (playlist_genre + mode + key + release_month + bin_year) * (danceability + energy + loudness + log_speechiness + logit_acousticness + instrumentalness + sqrt_liveness + valence + tempo + duration_ms),bin_year[T.recent]:sqrt_liveness,0.29206582083773225,0.21548108024609183,-0.1302853527960222,0.7144169944714867,2.075262310785268,0.17529565571059877,False,330
5,y ~ (playlist_genre + mode + key + release_month + bin_year) * (danceability + energy + loudness + log_speechiness + logit_acousticness + instrumentalness + sqrt_liveness + valence + tempo + duration_ms),valence,0.4861924494272163,0.2971222287945133,-0.09617850351548696,1.0685634023699195,2.075262310785268,0.10177868792859648,False,330
5,y ~ (playlist_genre + mode + key + release_month + bin_year) * (danceability + energy + loudness + log_speechiness + logit_acousticness + instrumentalness + sqrt_liveness + valence + tempo + duration_ms),playlist_genre[T.latin]:valence,-0.5632636659558139,0.20748353956366541,-0.9699393534190476,-0.15658797849258022,2.075262310785268,0.0066363660330253215,True,330
5,y ~ (playlist_genre + mode + key + release_month + bin_year) * (danceability + energy + loudness + log_speechiness + logit_acousticness + instrumentalness + sqrt_liveness + valence + tempo + duration_ms),playlist_genre[T.pop]:valence,-0.3008454013326703,0.2050626720550442,-0.7027760957212903,0.10108529305594965,2.075262310785268,0.14236141973816932,False,330
5,y ~ (playlist_genre + mode + key + release_month + bin_year) * (danceability + energy + loudness + log_speechiness + logit_acousticness + instrumentalness + sqrt_liveness + valence + tempo + duration_ms),playlist_genre[T.r&b]:valence,-0.6649117850096917,0.21593582764146949,-1.088154280962442,-0.24166928905694152,2.075262310785268,0.0020772642102226185,True,330
5,y ~ (playlist_genre + mode + key + release_month + bin_year) * (danceability + energy + loudness + log_speechiness + logit_acousticness + instrumentalness + sqrt_liveness + valence + tempo + duration_ms),playlist_genre[T.rap]:valence,-0.054969825302748916,0.1975173988581047,-0.44211149512143794,0.3321718445159401,2.075262310785268,0.7807810296979926,False,330
5,y ~ (playlist_genre + mode + key + release_month + bin_year) * (danceability + energy + loudness + log_speechiness + logit_acousticness + instrumentalness + sqrt_liveness + valence + tempo + duration_ms),playlist_genre[T.rock]:valence,-0.6549076320337384,0.2477612839906885,-1.1405292418519448,-0.16928602221553196,2.075262310785268,0.008214213729572874,True,330
5,y ~ (playlist_genre + mode + key + release_month + bin_year) * (danceability + energy + loudness + log_speechiness + logit_acousticness + instrumentalness + sqrt_liveness + valence + tempo + duration_ms),mode[T.minor]:valence,-0.17524407305270753,0.12276567052494457,-0.41586949115869254,0.0653813450532775,2.075262310785268,0.15345481006284392,False,330
5,y ~ (playlist_genre + mode + key + release_month + bin_year) * (danceability + energy + loudness + log_speechiness + logit_acousticness + instrumentalness + sqrt_liveness + valence + tempo + duration_ms),key[T.A♯/B♭]:valence,-0.3371179970439593,0.2894939294683556,-0.9045371910222432,0.2303011969343246,2.075262310785268,0.24422690714870146,False,330
5,y ~ (playlist_genre + mode + key + release_month + bin_year) * (danceability + energy + loudness + log_speechiness + logit_acousticness + instrumentalness + sqrt_liveness + valence + tempo + duration_ms),key[T.B]:valence,0.25888381448666997,0.2719377259375821,-0.27412454788956775,0.7918921768629077,2.075262310785268,0.3411058707985748,False,330
5,y ~ (playlist_genre + mode + key + release_month + bin_year) * (danceability + energy + loudness + log_speechiness + logit_acousticness + instrumentalness + sqrt_liveness + valence + tempo + duration_ms),key[T.C]:valence,-0.01716396264062503,0.2609091934561529,-0.5285559787851193,0.4942280535038692,2.075262310785268,0.9475492539748089,False,330
5,y ~ (playlist_genre + mode + key + release_month + bin_year) * (danceability + energy + loudness + log_speechiness + logit_acousticness + instrumentalness + sqrt_liveness + valence + tempo + duration_ms),key[T.C♯/D♭]:valence,-0.15988980163403627,0.2516097227606449,-0.6530544988977505,0.3332748956296779,2.075262310785268,0.5251281123793717,False,330
5,y ~ (playlist_genre + mode + key + release_month + bin_year) * (danceability + energy + loudness + log_speechiness + logit_acousticness + instrumentalness + sqrt_liveness + valence + tempo + duration_ms),key[T.D]:valence,-0.4074246299509313,0.27183291314186614,-0.9402275552315692,0.12537829532970657,2.075262310785268,0.13393402153786602,False,330
5,y ~ (playlist_genre + mode + key + release_month + bin_year) * (danceability + energy + loudness + log_speechiness + logit_acousticness + instrumentalness + sqrt_liveness + valence + tempo + duration_ms),key[T.D♯/E♭]:valence,0.15298932712497856,0.39401502551967726,-0.6192952199337075,0.9252738741836647,2.075262310785268,0.697809223118417,False,330
5,y ~ (playlist_genre + mode + key + release_month + bin_year) * (danceability + energy + loudness + log_speechiness + logit_acousticness + instrumentalness + sqrt_liveness + valence + tempo + duration_ms),key[T.E]:valence,-0.18610341583070333,0.2896920133117979,-0.7539108617318947,0.38170403007048803,2.075262310785268,0.5206063134171389,False,330
5,y ~ (playlist_genre + mode + key + release_month + bin_year) * (danceability + energy + loudness + log_speechiness + logit_acousticness + instrumentalness + sqrt_liveness + valence + tempo + duration_ms),key[T.F]:valence,0.053835893936917505,0.2810417570191889,-0.4970167181884095,0.6046885060622444,2.075262310785268,0.8480893923729724,False,330
5,y ~ (playlist_genre + mode + key + release_month + bin_year) * (danceability + energy + loudness + log_speechiness + logit_acousticness + instrumentalness + sqrt_liveness + valence + tempo + duration_ms),key[T.F♯/G♭]:valence,-0.256288796565843,0.28001956622244417,-0.8051378755633906,0.2925602824317045,2.075262310785268,0.3600656505774149,False,330
5,y ~ (playlist_genre + mode + key + release_month + bin_year) * (danceability + energy + loudness + log_speechiness + logit_acousticness + instrumentalness + sqrt_liveness + valence + tempo + duration_ms),key[T.G]:valence,-0.19112184966976262,0.26228711204490857,-0.7052146390444083,0.322970939704883,2.075262310785268,0.4662063291666595,False,330
5,y ~ (playlist_genre + mode + key + release_month + bin_year) * (danceability + energy + loudness + log_speechiness + logit_acousticness + instrumentalness + sqrt_liveness + valence + tempo + duration_ms),key[T.G♯/A♭]:valence,0.40771731320132526,0.2853010223058883,-0.15148362208351324,0.9669182484861638,2.075262310785268,0.1529917048373767,False,330
5,y ~ (playlist_genre + mode + key + release_month + bin_year) * (danceability + energy + loudness + log_speechiness + logit_acousticness + instrumentalness + sqrt_liveness + valence + tempo + duration_ms),release_month[T.2]:valence,0.5836724530719564,0.2837283501832063,0.027554015405921617,1.139790890737991,2.075262310785268,0.039679676842566444,True,330
5,y ~ (playlist_genre + mode + key + release_month + bin_year) * (danceability + energy + loudness + log_speechiness + logit_acousticness + instrumentalness + sqrt_liveness + valence + tempo + duration_ms),release_month[T.3]:valence,0.3400076693358502,0.2624605119893131,-0.17442499057380306,0.8544403292455034,2.075262310785268,0.19517020641964494,False,330
5,y ~ (playlist_genre + mode + key + release_month + bin_year) * (danceability + energy + loudness + log_speechiness + logit_acousticness + instrumentalness + sqrt_liveness + valence + tempo + duration_ms),release_month[T.4]:valence,0.14921677236154426,0.272506168061995,-0.38490575835891405,0.6833393030820026,2.075262310785268,0.5839895860199412,False,330
5,y ~ (playlist_genre + mode + key + release_month + bin_year) * (danceability + energy + loudness + log_speechiness + logit_acousticness + instrumentalness + sqrt_liveness + valence + tempo + duration_ms),release_month[T.5]:valence,0.32957907320698593,0.258788707926331,-0.17765671005074707,0.8368148564647189,2.075262310785268,0.2028339785085458,False,330
5,y ~ (playlist_genre + mode + key + release_month + bin_year) * (danceability + energy + loudness + log_speechiness + logit_acousticness + instrumentalness + sqrt_liveness + valence + tempo + duration_ms),release_month[T.6]:valence,0.34449814689443947,0.25621676330471505,-0.15769652635855458,0.8466928201474335,2.075262310785268,0.1787777614267261,False,330
5,y ~ (playlist_genre + mode + key + release_month + bin_year) * (danceability + energy + loudness + log_speechiness + logit_acousticness + instrumentalness + sqrt_liveness + valence + tempo + duration_ms),release_month[T.7]:valence,0.3681661394828277,0.26254435323503955,-0.14643085248090215,0.8827631314465576,2.075262310785268,0.16083518713864942,False,330
5,y ~ (playlist_genre + mode + key + release_month + bin_year) * (danceability + energy + loudness + log_speechiness + logit_acousticness + instrumentalness + sqrt_liveness + valence + tempo + duration_ms),release_month[T.8]:valence,-0.10405567554515562,0.2518223889412665,-0.5976372066713841,0.3895258555810729,2.075262310785268,0.6794551128591066,False,330
5,y ~ (playlist_genre + mode + key + release_month + bin_year) * (danceability + energy + loudness + log_speechiness + logit_acousticness + instrumentalness + sqrt_liveness + valence + tempo + duration_ms),release_month[T.9]:valence,-0.46872456876556745,0.24409154221618923,-0.9471533440962983,0.009704206565163354,2.075262310785268,0.054831203555332886,False,330
5,y ~ (playlist_genre + mode + key + release_month + bin_year) * (danceability + energy + loudness + log_speechiness + logit_acousticness + instrumentalness + sqrt_liveness + valence + tempo + duration_ms),release_month[T.10]:valence,0.19164313713115258,0.23401290930595406,-0.26703113152363167,0.6503174057859368,2.075262310785268,0.41282528602838264,False,330
5,y ~ (playlist_genre + mode + key + release_month + bin_year) * (danceability + energy + loudness + log_speechiness + logit_acousticness + instrumentalness + sqrt_liveness + valence + tempo + duration_ms),release_month[T.11]:valence,0.42315114387713954,0.2294102009833631,-0.026501640108456903,0.872803927862736,2.075262310785268,0.06511700995743845,False,330
5,y ~ (playlist_genre + mode + key + release_month + bin_year) * (danceability + energy + loudness + log_speechiness + logit_acousticness + instrumentalness + sqrt_liveness + valence + tempo + duration_ms),release_month[T.12]:valence,0.042930702827496565,0.25158601267714764,-0.4501875217640897,0.5360489274190828,2.075262310785268,0.8645077202785265,False,330
5,y ~ (playlist_genre + mode + key + release_month + bin_year) * (danceability + energy + loudness + log_speechiness + logit_acousticness + instrumentalness + sqrt_liveness + valence + tempo + duration_ms),bin_year[T.recent]:valence,-0.297291739023485,0.17288964949071525,-0.636162076447721,0.041578598400751066,2.075262310785268,0.08552465898702745,False,330
5,y ~ (playlist_genre + mode + key + release_month + bin_year) * (danceability + energy + loudness + log_speechiness + logit_acousticness + instrumentalness + sqrt_liveness + valence + tempo + duration_ms),tempo,-0.005824167365476065,0.0027083187251080113,-0.011132575838355849,-0.0005157588925962823,2.075262310785268,0.03152527504635376,True,330
5,y ~ (playlist_genre + mode + key + release_month + bin_year) * (danceability + energy + loudness + log_speechiness + logit_acousticness + instrumentalness + sqrt_liveness + valence + tempo + duration_ms),playlist_genre[T.latin]:tempo,0.004057771690647735,0.002166296286043901,-0.00018825203358909057,0.00830379541488456,2.075262310785268,0.06105847669370582,False,330
5,y ~ (playlist_genre + mode + key + release_month + bin_year) * (danceability + energy + loudness + log_speechiness + logit_acousticness + instrumentalness + sqrt_liveness + valence + tempo + duration_ms),playlist_genre[T.pop]:tempo,0.001788846986265078,0.002238925805854486,-0.002599533379665876,0.006177227352196031,2.075262310785268,0.42431053258439455,False,330
5,y ~ (playlist_genre + mode + key + release_month + bin_year) * (danceability + energy + loudness + log_speechiness + logit_acousticness + instrumentalness + sqrt_liveness + valence + tempo + duration_ms),playlist_genre[T.r&b]:tempo,0.004399886395494441,0.0021835816375888775,0.00011998271992566881,0.008679790071063212,2.075262310785268,0.043914486397157636,True,330
5,y ~ (playlist_genre + mode + key + release_month + bin_year) * (danceability + energy + loudness + log_speechiness + logit_acousticness + instrumentalness + sqrt_liveness + valence + tempo + duration_ms),playlist_genre[T.rap]:tempo,0.0054796152942208545,0.002108171683353651,0.0013475180183533542,0.009611712570088355,2.075262310785268,0.009347714205073616,True,330
5,y ~ (playlist_genre + mode + key + release_month + bin_year) * (danceability + energy + loudness + log_speechiness + logit_acousticness + instrumentalness + sqrt_liveness + valence + tempo + duration_ms),playlist_genre[T.rock]:tempo,0.005239505927261425,0.002322935770890354,0.0006864628109427926,0.009792549043580057,2.075262310785268,0.02410535046244393,True,330
5,y ~ (playlist_genre + mode + key + release_month + bin_year) * (danceability + energy + loudness + log_speechiness + logit_acousticness + instrumentalness + sqrt_liveness + valence + tempo + duration_ms),mode[T.minor]:tempo,-0.00034348617739234473,0.0009685025900358871,-0.002241788362910587,0.0015548160081258976,2.075262310785268,0.7228489470501456,False,330
5,y ~ (playlist_genre + mode + key + release_month + bin_year) * (danceability + energy + loudness + log_speechiness + logit_acousticness + instrumentalness + sqrt_liveness + valence + tempo + duration_ms),key[T.A♯/B♭]:tempo,0.005144721675135882,0.0022510988011551453,0.0007324817719963714,0.009556961578275392,2.075262310785268,0.022294336633242016,True,330
5,y ~ (playlist_genre + mode + key + release_month + bin_year) * (danceability + energy + loudness + log_speechiness + logit_acousticness + instrumentalness + sqrt_liveness + valence + tempo + duration_ms),key[T.B]:tempo,0.0020240083502735292,0.0021254657740059366,-0.00214198600591109,0.006190002706458149,2.075262310785268,0.3409694128978705,False,330
5,y ~ (playlist_genre + mode + key + release_month + bin_year) * (danceability + energy + loudness + log_speechiness + logit_acousticness + instrumentalness + sqrt_liveness + valence + tempo + duration_ms),key[T.C]:tempo,0.0019154030930008089,0.0020645926453654265,-0.0021312775986397315,0.005962083784641349,2.075262310785268,0.35354999452519764,False,330
5,y ~ (playlist_genre + mode + key + release_month + bin_year) * (danceability + energy + loudness + log_speechiness + logit_acousticness + instrumentalness + sqrt_liveness + valence + tempo + duration_ms),key[T.C♯/D♭]:tempo,0.003199233883525796,0.0019543100128275597,-0.0006312886227622608,0.007029756389813853,2.075262310785268,0.10163729302045608,False,330
5,y ~ (playlist_genre + mode + key + release_month + bin_year) * (danceability + energy + loudness + log_speechiness + logit_acousticness + instrumentalness + sqrt_liveness + valence + tempo + duration_ms),key[T.D]:tempo,0.0048719226143082005,0.0021364126552157383,0.0006844719515127695,0.00905937327710363,2.075262310785268,0.022589229374453457,True,330
5,y ~ (playlist_genre + mode + key + release_month + bin_year) * (danceability + energy + loudness + log_speechiness + logit_acousticness + instrumentalness + sqrt_liveness + valence + tempo + duration_ms),key[T.D♯/E♭]:tempo,0.0007984188704256466,0.0031118633085605385,-0.0053009524481947914,0.006897790189046085,2.075262310785268,0.7975103802515773,False,330
5,y ~ (playlist_genre + mode + key + release_month + bin_year) * (danceability + energy + loudness + log_speechiness + logit_acousticness + instrumentalness + sqrt_liveness + valence + tempo + duration_ms),key[T.E]:tempo,0.0007860964753017271,0.0022921280008535026,-0.0037065622313172558,0.00527875518192071,2.075262310785268,0.7316346657273705,False,330
5,y ~ (playlist_genre + mode + key + release_month + bin_year) * (danceability + energy + loudness + log_speechiness + logit_acousticness + instrumentalness + sqrt_liveness + valence + tempo + duration_ms),key[T.F]:tempo,0.0008042494192450065,0.0021592014790745876,-0.003427868211488054,0.005036367049978068,2.075262310785268,0.7095414029742989,False,330
5,y ~ (playlist_genre + mode + key + release_month + bin_year) * (danceability + energy + loudness + log_speechiness + logit_acousticness + instrumentalness + sqrt_liveness + valence + tempo + duration_ms),key[T.F♯/G♭]:tempo,-0.0020359074612843744,0.0021733490007342067,-0.006295754776545306,0.0022239398539765573,2.075262310785268,0.3488888643339412,False,330
5,y ~ (playlist_genre + mode + key + release_month + bin_year) * (danceability + energy + loudness + log_speechiness + logit_acousticness + instrumentalness + sqrt_liveness + valence + tempo + duration_ms),key[T.G]:tempo,0.0038357267665404537,0.0020627573489387092,-0.00020735667378268732,0.007878810206863596,2.075262310785268,0.06296347050614971,False,330
5,y ~ (playlist_genre + mode + key + release_month + bin_year) * (danceability + energy + loudness + log_speechiness + logit_acousticness + instrumentalness + sqrt_liveness + valence + tempo + duration_ms),key[T.G♯/A♭]:tempo,0.0023452028686200554,0.002251428358302623,-0.00206768297915579,0.006758088716395901,2.075262310785268,0.2975813495480618,False,330
5,y ~ (playlist_genre + mode + key + release_month + bin_year) * (danceability + energy + loudness + log_speechiness + logit_acousticness + instrumentalness + sqrt_liveness + valence + tempo + duration_ms),release_month[T.2]:tempo,-0.0007481050558484347,0.0022926533984878273,-0.005241793561961777,0.0037455834502649076,2.075262310785268,0.7441954849079542,False,330
5,y ~ (playlist_genre + mode + key + release_month + bin_year) * (danceability + energy + loudness + log_speechiness + logit_acousticness + instrumentalness + sqrt_liveness + valence + tempo + duration_ms),release_month[T.3]:tempo,-0.0013134203023526792,0.0021266931843796823,-0.005481820429899173,0.002854979825193814,2.075262310785268,0.5368513283084533,False,330
5,y ~ (playlist_genre + mode + key + release_month + bin_year) * (danceability + energy + loudness + log_speechiness + logit_acousticness + instrumentalness + sqrt_liveness + valence + tempo + duration_ms),release_month[T.4]:tempo,-0.0018261831180008353,0.0021969347648655596,-0.006132259434668987,0.0024798931986673165,2.075262310785268,0.40584349299126943,False,330
5,y ~ (playlist_genre + mode + key + release_month + bin_year) * (danceability + energy + loudness + log_speechiness + logit_acousticness + instrumentalness + sqrt_liveness + valence + tempo + duration_ms),release_month[T.5]:tempo,-0.0005276698085997606,0.0019835045753647056,-0.004415414776076548,0.0033600751588770262,2.075262310785268,0.7902185660106812,False,330
5,y ~ (playlist_genre + mode + key + release_month + bin_year) * (danceability + energy + loudness + log_speechiness + logit_acousticness + instrumentalness + sqrt_liveness + valence + tempo + duration_ms),release_month[T.6]:tempo,0.0004836543934760577,0.0020077991215647043,-0.003451708815420117,0.004419017602372232,2.075262310785268,0.8096435942995781,False,330
5,y ~ (playlist_genre + mode + key + release_month + bin_year) * (danceability + energy + loudness + log_speechiness + logit_acousticness + instrumentalness + sqrt_liveness + valence + tempo + duration_ms),release_month[T.7]:tempo,-0.004020014423759901,0.0021310101957110195,-0.008196876058925988,0.00015684721140618585,2.075262310785268,0.05924529040982336,False,330
5,y ~ (playlist_genre + mode + key + release_month + bin_year) * (danceability + energy + loudness + log_speechiness + logit_acousticness + instrumentalness + sqrt_liveness + valence + tempo + duration_ms),release_month[T.8]:tempo,0.0009658890913064778,0.001990816996548185,-0.002936188501871924,0.00486796668448488,2.075262310785268,0.6275575199055369,False,330
5,y ~ (playlist_genre + mode + key + release_month + bin_year) * (danceability + energy + loudness + log_speechiness + logit_acousticness + instrumentalness + sqrt_liveness + valence + tempo + duration_ms),release_month[T.9]:tempo,0.0010478146316097528,0.001935016385432501,-0.002744891625731301,0.004840520888950806,2.075262310785268,0.5881656169451424,False,330
5,y ~ (playlist_genre + mode + key + release_month + bin_year) * (danceability + energy + loudness + log_speechiness + logit_acousticness + instrumentalness + sqrt_liveness + valence + tempo + duration_ms),release_month[T.10]:tempo,0.001425938354738686,0.0018011989772488994,-0.0021044806552281458,0.004956357364705517,2.075262310785268,0.4285644554096115,False,330
5,y ~ (playlist_genre + mode + key + release_month + bin_year) * (danceability + energy + loudness + log_speechiness + logit_acousticness + instrumentalness + sqrt_liveness + valence + tempo + duration_ms),release_month[T.11]:tempo,0.0033571360316503513,0.0017390993356830354,-5.156530144376182e-05,0.006765837364744464,2.075262310785268,0.05356766177478464,False,330
5,y ~ (playlist_genre + mode + key + release_month + bin_year) * (danceability + energy + loudness + log_speechiness + logit_acousticness + instrumentalness + sqrt_liveness + valence + tempo + duration_ms),release_month[T.12]:tempo,-0.0002809196999793361,0.0020035662368492815,-0.004207986292646497,0.003646146892687825,2.075262310785268,0.8884950828871704,False,330
5,y ~ (playlist_genre + mode + key + release_month + bin_year) * (danceability + energy + loudness + log_speechiness + logit_acousticness + instrumentalness + sqrt_liveness + valence + tempo + duration_ms),bin_year[T.recent]:tempo,0.0011565298483708756,0.0011620385624482262,-0.00112111025858042,0.003434169955322171,2.075262310785268,0.31961764473679666,False,330
5,y ~ (playlist_genre + mode + key + release_month + bin_year) * (danceability + energy + loudness + log_speechiness + logit_acousticness + instrumentalness + sqrt_liveness + valence + tempo + duration_ms),duration_ms,-5.858376205606182e-06,9.849273157255449e-07,-7.788871482804292e-06,-3.927880928408072e-06,2.075262310785268,2.742126238876042e-09,True,330
5,y ~ (playlist_genre + mode + key + release_month + bin_year) * (danceability + energy + loudness + log_speechiness + logit_acousticness + instrumentalness + sqrt_liveness + valence + tempo + duration_ms),playlist_genre[T.latin]:duration_ms,5.874996406292785e-06,7.619881320055384e-07,4.381470471301244e-06,7.3685223412843256e-06,2.075262310785268,1.2937373713503696e-14,True,330
5,y ~ (playlist_genre + mode + key + release_month + bin_year) * (danceability + energy + loudness + log_speechiness + logit_acousticness + instrumentalness + sqrt_liveness + valence + tempo + duration_ms),playlist_genre[T.pop]:duration_ms,2.926566543847984e-06,8.007720031495226e-07,1.357022735375326e-06,4.496110352320642e-06,2.075262310785268,0.00025791424966707573,True,330
5,y ~ (playlist_genre + mode + key + release_month + bin_year) * (danceability + energy + loudness + log_speechiness + logit_acousticness + instrumentalness + sqrt_liveness + valence + tempo + duration_ms),playlist_genre[T.r&b]:duration_ms,1.8493268942388423e-06,7.076765536697113e-07,4.6225373378250025e-07,3.236400054695184e-06,2.075262310785268,0.00897310200519631,True,330
5,y ~ (playlist_genre + mode + key + release_month + bin_year) * (danceability + energy + loudness + log_speechiness + logit_acousticness + instrumentalness + sqrt_liveness + valence + tempo + duration_ms),playlist_genre[T.rap]:duration_ms,5.398273282463944e-06,6.858811170221757e-07,4.0539200129485325e-06,6.742626551979356e-06,2.075262310785268,3.641463517119231e-15,True,330
5,y ~ (playlist_genre + mode + key + release_month + bin_year) * (danceability + energy + loudness + log_speechiness + logit_acousticness + instrumentalness + sqrt_liveness + valence + tempo + duration_ms),playlist_genre[T.rock]:duration_ms,4.669947097342677e-06,7.557971864902118e-07,3.1885556527728235e-06,6.151338541912531e-06,2.075262310785268,6.535534189559452e-10,True,330
5,y ~ (playlist_genre + mode + key + release_month + bin_year) * (danceability + energy + loudness + log_speechiness + logit_acousticness + instrumentalness + sqrt_liveness + valence + tempo + duration_ms),mode[T.minor]:duration_ms,-2.1936395047134854e-07,4.4068996533162874e-07,-1.0831331679537625e-06,6.444052670110653e-07,2.075262310785268,0.6186468632073701,False,330
5,y ~ (playlist_genre + mode + key + release_month + bin_year) * (danceability + energy + loudness + log_speechiness + logit_acousticness + instrumentalness + sqrt_liveness + valence + tempo + duration_ms),key[T.A♯/B♭]:duration_ms,1.2583648185947134e-06,9.964460301722842e-07,-6.947075802689112e-07,3.211437217458338e-06,2.075262310785268,0.20665125394709968,False,330
5,y ~ (playlist_genre + mode + key + release_month + bin_year) * (danceability + energy + loudness + log_speechiness + logit_acousticness + instrumentalness + sqrt_liveness + valence + tempo + duration_ms),key[T.B]:duration_ms,6.391098248476297e-07,9.372455953791133e-07,-1.1979274535034702e-06,2.4761471031987294e-06,2.075262310785268,0.49530574828574114,False,330
5,y ~ (playlist_genre + mode + key + release_month + bin_year) * (danceability + energy + loudness + log_speechiness + logit_acousticness + instrumentalness + sqrt_liveness + valence + tempo + duration_ms),key[T.C]:duration_ms,3.562914542099208e-06,9.185378556658282e-07,1.7625451503900218e-06,5.363283933808395e-06,2.075262310785268,0.0001051412064351168,True,330
5,y ~ (playlist_genre + mode + key + release_month + bin_year) * (danceability + energy + loudness + log_speechiness + logit_acousticness + instrumentalness + sqrt_liveness + valence + tempo + duration_ms),key[T.C♯/D♭]:duration_ms,1.778314556036884e-06,8.985561608946633e-07,1.7110051695789443e-08,3.539519060377978e-06,2.075262310785268,0.0478155765909749,True,330
5,y ~ (playlist_genre + mode + key + release_month + bin_year) * (danceability + energy + loudness + log_speechiness + logit_acousticness + instrumentalness + sqrt_liveness + valence + tempo + duration_ms),key[T.D]:duration_ms,1.7655573834846955e-06,9.384388122067932e-07,-7.38186455678329e-08,3.604933412537224e-06,2.075262310785268,0.05992972034526779,False,330
5,y ~ (playlist_genre + mode + key + release_month + bin_year) * (danceability + energy + loudness + log_speechiness + logit_acousticness + instrumentalness + sqrt_liveness + valence + tempo + duration_ms),key[T.D♯/E♭]:duration_ms,2.2819655553758074e-06,1.4542095435701243e-06,-5.683408693683573e-07,5.1322719801199725e-06,2.075262310785268,0.11660806370972264,False,330
5,y ~ (playlist_genre + mode + key + release_month + bin_year) * (danceability + energy + loudness + log_speechiness + logit_acousticness + instrumentalness + sqrt_liveness + valence + tempo + duration_ms),key[T.E]:duration_ms,8.268636824968506e-07,1.0494363167577176e-06,-1.2300717084447187e-06,2.88379907343842e-06,2.075262310785268,0.4307539130464998,False,330
5,y ~ (playlist_genre + mode + key + release_month + bin_year) * (danceability + energy + loudness + log_speechiness + logit_acousticness + instrumentalness + sqrt_liveness + valence + tempo + duration_ms),key[T.F]:duration_ms,-6.038770967042104e-07,9.56398475744979e-07,-2.478454754432246e-06,1.2707005610238255e-06,2.075262310785268,0.5277786857941897,False,330
5,y ~ (playlist_genre + mode + key + release_month + bin_year) * (danceability + energy + loudness + log_speechiness + logit_acousticness + instrumentalness + sqrt_liveness + valence + tempo + duration_ms),key[T.F♯/G♭]:duration_ms,2.977555587604827e-06,9.733468196285719e-07,1.0697585264739082e-06,4.8853526487357455e-06,2.075262310785268,0.002221943724721902,True,330
5,y ~ (playlist_genre + mode + key + release_month + bin_year) * (danceability + energy + loudness + log_speechiness + logit_acousticness + instrumentalness + sqrt_liveness + valence + tempo + duration_ms),key[T.G]:duration_ms,1.5459683123440476e-06,9.189178870640975e-07,-2.5514595546699155e-07,3.3470825801550867e-06,2.075262310785268,0.09250511983330097,False,330
5,y ~ (playlist_genre + mode + key + release_month + bin_year) * (danceability + energy + loudness + log_speechiness + logit_acousticness + instrumentalness + sqrt_liveness + valence + tempo + duration_ms),key[T.G♯/A♭]:duration_ms,2.3630469937626924e-06,1.02645174001065e-06,3.5116225392010806e-07,4.374931733605277e-06,2.075262310785268,0.021333057727777677,True,330
5,y ~ (playlist_genre + mode + key + release_month + bin_year) * (danceability + energy + loudness + log_speechiness + logit_acousticness + instrumentalness + sqrt_liveness + valence + tempo + duration_ms),release_month[T.2]:duration_ms,2.146889581344362e-06,1.0191346523360318e-06,1.4934661370482543e-07,4.144432548983899e-06,2.075262310785268,0.03516170952394107,True,330
5,y ~ (playlist_genre + mode + key + release_month + bin_year) * (danceability + energy + loudness + log_speechiness + logit_acousticness + instrumentalness + sqrt_liveness + valence + tempo + duration_ms),release_month[T.3]:duration_ms,2.8037541591256573e-06,9.157488935600401e-07,1.0088512400054074e-06,4.598657078245907e-06,2.075262310785268,0.002202622256663872,True,330
5,y ~ (playlist_genre + mode + key + release_month + bin_year) * (danceability + energy + loudness + log_speechiness + logit_acousticness + instrumentalness + sqrt_liveness + valence + tempo + duration_ms),release_month[T.4]:duration_ms,3.423071589198113e-06,9.426289963078475e-07,1.5754826387568452e-06,5.270660539639381e-06,2.075262310785268,0.00028231893452462044,True,330
5,y ~ (playlist_genre + mode + key + release_month + bin_year) * (danceability + energy + loudness + log_speechiness + logit_acousticness + instrumentalness + sqrt_liveness + valence + tempo + duration_ms),release_month[T.5]:duration_ms,2.38324193021378e-06,9.057253429954323e-07,6.079855542615175e-07,4.158498306166043e-06,2.075262310785268,0.00850979087733587,True,330
5,y ~ (playlist_genre + mode + key + release_month + bin_year) * (danceability + energy + loudness + log_speechiness + logit_acousticness + instrumentalness + sqrt_liveness + valence + tempo + duration_ms),release_month[T.6]:duration_ms,7.702935081648792e-07,9.086499720693521e-07,-1.0106952528320598e-06,2.5512822691618184e-06,2.075262310785268,0.3965924638099543,False,330
5,y ~ (playlist_genre + mode + key + release_month + bin_year) * (danceability + energy + loudness + log_speechiness + logit_acousticness + instrumentalness + sqrt_liveness + valence + tempo + duration_ms),release_month[T.7]:duration_ms,8.066620612435144e-07,9.162908611187233e-07,-9.893031350577291e-07,2.6026272575447578e-06,2.075262310785268,0.3786731702344981,False,330
5,y ~ (playlist_genre + mode + key + release_month + bin_year) * (danceability + energy + loudness + log_speechiness + logit_acousticness + instrumentalness + sqrt_liveness + valence + tempo + duration_ms),release_month[T.8]:duration_ms,-6.046390819636087e-07,8.799100589527596e-07,-2.329296512056404e-06,1.1200183481291864e-06,2.075262310785268,0.49198683925246,False,330
5,y ~ (playlist_genre + mode + key + release_month + bin_year) * (danceability + energy + loudness + log_speechiness + logit_acousticness + instrumentalness + sqrt_liveness + valence + tempo + duration_ms),release_month[T.9]:duration_ms,1.1449300654651402e-06,8.939819115286542e-07,-6.073087348520974e-07,2.897168865782378e-06,2.075262310785268,0.20030544546419338,False,330
5,y ~ (playlist_genre + mode + key + release_month + bin_year) * (danceability + energy + loudness + log_speechiness + logit_acousticness + instrumentalness + sqrt_liveness + valence + tempo + duration_ms),release_month[T.10]:duration_ms,-1.6309118280753605e-08,8.220344163056453e-07,-1.6275280712278976e-06,1.5949098346663905e-06,2.075262310785268,0.9841711760127945,False,330
5,y ~ (playlist_genre + mode + key + release_month + bin_year) * (danceability + energy + loudness + log_speechiness + logit_acousticness + instrumentalness + sqrt_liveness + valence + tempo + duration_ms),release_month[T.11]:duration_ms,1.145236537439161e-06,8.024573536169464e-07,-4.2761062252536703e-07,2.718083697403689e-06,2.075262310785268,0.15354302533255518,False,330
5,y ~ (playlist_genre + mode + key + release_month + bin_year) * (danceability + energy + loudness + log_speechiness + logit_acousticness + instrumentalness + sqrt_liveness + valence + tempo + duration_ms),release_month[T.12]:duration_ms,-1.696689619440635e-07,8.910584543761069e-07,-1.916177674227418e-06,1.576839750339291e-06,2.075262310785268,0.8489868557970149,False,330
5,y ~ (playlist_genre + mode + key + release_month + bin_year) * (danceability + energy + loudness + log_speechiness + logit_acousticness + instrumentalness + sqrt_liveness + valence + tempo + duration_ms),bin_year[T.recent]:duration_ms,-4.260596291917063e-06,5.626128377334385e-07,-5.363339010891549e-06,-3.157853572942576e-06,2.075262310785268,3.749044302993284e-14,True,330
6,y ~ (playlist_genre * loudness * energy),Intercept,1.4746850345851543,0.42209524398358633,0.6473624813849219,2.3020075877853867,2.1461576331210876,0.00047696894608828663,True,24
6,y ~ (playlist_genre * loudness * energy),playlist_genre[T.latin],1.75641065846276,0.5260274999908394,0.725376974598557,2.787444342326963,2.1461576331210876,0.0008417307525807376,True,24
6,y ~ (playlist_genre * loudness * energy),playlist_genre[T.pop],1.6707351881053367,0.5268307358224879,0.6381271318014219,2.7033432444092513,2.1461576331210876,0.0015190361040683976,True,24
6,y ~ (playlist_genre * loudness * energy),playlist_genre[T.r&b],0.4507608531080211,0.5103990817529452,-0.5496405432254592,1.4511622494415015,2.1461576331210876,0.3771598057484087,False,24
6,y ~ (playlist_genre * loudness * energy),playlist_genre[T.rap],-0.4359378902761211,0.5114518777373804,-1.4384028063347272,0.566527025782485,2.1461576331210876,0.3940241555800118,False,24
6,y ~ (playlist_genre * loudness * energy),playlist_genre[T.rock],-0.6907102046279617,0.5571883196275746,-1.7828202669378745,0.40139985768195097,2.1461576331210876,0.21511941583729458,False,24
6,y ~ (playlist_genre * loudness * energy),loudness,0.11934504313469235,0.049272970248961684,0.022768168291451396,0.2159219179779333,2.1461576331210876,0.01543573714256097,True,24
6,y ~ (playlist_genre * loudness * energy),playlist_genre[T.latin]:loudness,0.02212896016022224,0.058125390271207444,-0.09179899086593353,0.13605691118637803,2.1461576331210876,0.7034204107010247,False,24
6,y ~ (playlist_genre * loudness * energy),playlist_genre[T.pop]:loudness,0.11017823942431723,0.05831086141170183,-0.004113242012772855,0.22446972086140732,2.1461576331210876,0.05883413779112485,False,24
6,y ~ (playlist_genre * loudness * energy),playlist_genre[T.r&b]:loudness,0.04124825049721447,0.056004577886469245,-0.06852282849114949,0.15101932948557845,2.1461576331210876,0.4614222827715697,False,24
6,y ~ (playlist_genre * loudness * energy),playlist_genre[T.rap]:loudness,-0.040194584625841245,0.05516608863223231,-0.1483221931403393,0.06793302388865678,2.1461576331210876,0.46624532436978283,False,24
6,y ~ (playlist_genre * loudness * energy),playlist_genre[T.rock]:loudness,-0.05148530152983616,0.057324355034903386,-0.16384319336591918,0.06087259030624688,2.1461576331210876,0.36911757783601185,False,24
6,y ~ (playlist_genre * loudness * energy),energy,-3.0260226970499664,0.48772632747889705,-3.981984642284546,-2.0700607518153866,2.1461576331210876,5.5592373752574e-10,True,24
6,y ~ (playlist_genre * loudness * energy),playlist_genre[T.latin]:energy,-0.15325577258516201,0.6350858673166901,-1.3980479580907152,1.0915364129203913,2.1461576331210876,0.8093124891832705,False,24
6,y ~ (playlist_genre * loudness * energy),playlist_genre[T.pop]:energy,-0.3712808078686752,0.6294483428157754,-1.605023233325269,0.8624616175879187,2.1461576331210876,0.5552946052524346,False,24
6,y ~ (playlist_genre * loudness * energy),playlist_genre[T.r&b]:energy,0.5272232362279975,0.64655113288671,-0.7400413010031687,1.7944877734591635,2.1461576331210876,0.4148268945318049,False,24
6,y ~ (playlist_genre * loudness * energy),playlist_genre[T.rap]:energy,0.5161945128352297,0.6180432605749054,-0.6951935224843786,1.727582548154838,2.1461576331210876,0.40360694695680555,False,24
6,y ~ (playlist_genre * loudness * energy),playlist_genre[T.rock]:energy,1.6849040970513212,0.642557223782021,0.425467771876175,2.9443404222264675,2.1461576331210876,0.008740900062659936,True,24
6,y ~ (playlist_genre * loudness * energy),loudness:energy,-0.06317664756919135,0.0633752703235816,-0.18739456094586832,0.06104126580748562,2.1461576331210876,0.31883707851859594,False,24
6,y ~ (playlist_genre * loudness * energy),playlist_genre[T.latin]:loudness:energy,0.221879216063436,0.07878732846012297,0.06745308909198647,0.3763053430348855,2.1461576331210876,0.00486281127851348,True,24
6,y ~ (playlist_genre * loudness * energy),playlist_genre[T.pop]:loudness:energy,0.00480574512970102,0.0786924136764853,-0.14943434529607585,0.1590458355554779,2.1461576331210876,0.9513038456340555,False,24
6,y ~ (playlist_genre * loudness * energy),playlist_genre[T.r&b]:loudness:energy,0.10083242369319624,0.07813842098374163,-0.05232182021915062,0.2539866676055431,2.1461576331210876,0.1969095016733566,False,24
6,y ~ (playlist_genre * loudness * energy),playlist_genre[T.rap]:loudness:energy,-0.03034213890811207,0.07537982352321333,-0.17808942804703654,0.11740515023081238,2.1461576331210876,0.6873015794489543,False,24
6,y ~ (playlist_genre * loudness * energy),playlist_genre[T.rock]:loudness:energy,0.09587843636060796,0.07451934240528817,-0.05018227742450816,0.2419391501457241,2.1461576331210876,0.19823432799798243,False,24
7,y ~ (playlist_genre + loudness + energy) ** 2 + mode + key + danceability + valence + tempo,Intercept,0.25767196660754804,0.30792892024592966,-0.3458803053125163,0.8612242385276123,2.1434226410429496,0.4027165980547127,False,34
7,y ~ (playlist_genre + loudness + energy) ** 2 + mode + key + danceability + valence + tempo,playlist_genre[T.latin],2.6674239037703495,0.36226867748430214,1.9573636627039934,3.3774841448367057,2.1434226410429496,1.8396957676547849e-13,True,34
7,y ~ (playlist_genre + loudness + energy) ** 2 + mode + key + danceability + valence + tempo,playlist_genre[T.pop],1.683565259045462,0.36344515859526766,0.9711990707272946,2.3959314473636293,2.1434226410429496,3.6314340077659315e-06,True,34
7,y ~ (playlist_genre + loudness + energy) ** 2 + mode + key + danceability + valence + tempo,playlist_genre[T.r&b],0.9550153900124625,0.3422082038391545,0.2842744322230769,1.6257563478018482,2.1434226410429496,0.005261802282092549,True,34
7,y ~ (playlist_genre + loudness + energy) ** 2 + mode + key + danceability + valence + tempo,playlist_genre[T.rap],-0.7555201584398817,0.36528400883698187,-1.4714905624329555,-0.03954975444680797,2.1434226410429496,0.0386189493141683,True,34
7,y ~ (playlist_genre + loudness + energy) ** 2 + mode + key + danceability + valence + tempo,playlist_genre[T.rock],-0.0898463903867623,0.383771795895729,-0.8420535527628081,0.6623607719892834,2.1434226410429496,0.8148978841063501,False,34
7,y ~ (playlist_genre + loudness + energy) ** 2 + mode + key + danceability + valence + tempo,mode[T.minor],-0.0011353612455781092,0.025496993118087435,-0.0511104272811475,0.048839704789991285,2.1434226410429496,0.9644828359680817,False,34
7,y ~ (playlist_genre + loudness + energy) ** 2 + mode + key + danceability + valence + tempo,key[T.A♯/B♭],0.07568268748893263,0.060423296054340395,-0.04274924667746485,0.1941146216553301,2.1434226410429496,0.21038169967616116,False,34
7,y ~ (playlist_genre + loudness + energy) ** 2 + mode + key + danceability + valence + tempo,key[T.B],0.07851912059216017,0.05595973446342127,-0.031164064879561942,0.18820230606388227,2.1434226410429496,0.16058591263459626,False,34
7,y ~ (playlist_genre + loudness + energy) ** 2 + mode + key + danceability + valence + tempo,key[T.C],0.13596807621865828,0.0541437469476807,0.029844294618545028,0.24209185781877152,2.1434226410429496,0.01203555727423272,True,34
7,y ~ (playlist_genre + loudness + energy) ** 2 + mode + key + danceability + valence + tempo,key[T.C♯/D♭],0.12888094703865052,0.05255806511584253,0.02586516150264176,0.2318967325746593,2.1434226410429496,0.01420529653194962,True,34
7,y ~ (playlist_genre + loudness + energy) ** 2 + mode + key + danceability + valence + tempo,key[T.D],0.0535174989489614,0.05699322032685652,-0.058191357708096074,0.16522635560601887,2.1434226410429496,0.34772999229755874,False,34
7,y ~ (playlist_genre + loudness + energy) ** 2 + mode + key + danceability + valence + tempo,key[T.D♯/E♭],0.01842767276909559,0.08184192857347489,-0.14198558717865473,0.17884093271684592,2.1434226410429496,0.8218548641868559,False,34
7,y ~ (playlist_genre + loudness + energy) ** 2 + mode + key + danceability + valence + tempo,key[T.E],0.0339318922246476,0.06076462224327401,-0.08516905411713169,0.15303283856642688,2.1434226410429496,0.5765647373450319,False,34
7,y ~ (playlist_genre + loudness + energy) ** 2 + mode + key + danceability + valence + tempo,key[T.F],0.0805789327396907,0.057520734326644944,-0.032163871208799044,0.19332173668818045,2.1434226410429496,0.16126330386296633,False,34
7,y ~ (playlist_genre + loudness + energy) ** 2 + mode + key + danceability + valence + tempo,key[T.F♯/G♭],0.13346567879656396,0.057627617191984136,0.020513380409704227,0.24641797718342368,2.1434226410429496,0.020564403366016032,True,34
7,y ~ (playlist_genre + loudness + energy) ** 2 + mode + key + danceability + valence + tempo,key[T.G],0.029321451336342005,0.05456970341880984,-0.07763722097713367,0.13628012364981767,2.1434226410429496,0.591049566507118,False,34
7,y ~ (playlist_genre + loudness + energy) ** 2 + mode + key + danceability + valence + tempo,key[T.G♯/A♭],0.22159163933160092,0.05916018390427544,0.10563545251382105,0.3375478261493808,2.1434226410429496,0.00018026133056354298,True,34
7,y ~ (playlist_genre + loudness + energy) ** 2 + mode + key + danceability + valence + tempo,loudness,0.06379369001495053,0.020617006933838177,0.023383580548221303,0.10420379948167975,2.1434226410429496,0.0019749569640458322,True,34
7,y ~ (playlist_genre + loudness + energy) ** 2 + mode + key + danceability + valence + tempo,playlist_genre[T.latin]:loudness,0.15239038072085348,0.02032464648902169,0.11255330872831676,0.1922274527133902,2.1434226410429496,6.65588203195782e-14,True,34
7,y ~ (playlist_genre + loudness + energy) ** 2 + mode + key + danceability + valence + tempo,playlist_genre[T.pop]:loudness,0.11580984147765808,0.02161488616245213,0.0734438511698218,0.15817583178549435,2.1434226410429496,8.478403617659446e-08,True,34
7,y ~ (playlist_genre + loudness + energy) ** 2 + mode + key + danceability + valence + tempo,playlist_genre[T.r&b]:loudness,0.10334604756483269,0.02046400922212829,0.06323581937079238,0.143456275758873,2.1434226410429496,4.438998146363163e-07,True,34
7,y ~ (playlist_genre + loudness + energy) ** 2 + mode + key + danceability + valence + tempo,playlist_genre[T.rap]:loudness,-0.052345389213928784,0.0209058551196696,-0.09332165199506352,-0.011369126432794044,2.1434226410429496,0.012289477221977691,True,34
7,y ~ (playlist_genre + loudness + energy) ** 2 + mode + key + danceability + valence + tempo,playlist_genre[T.rock]:loudness,0.013018781287391253,0.02074768974875265,-0.027647471414535062,0.053685033989317565,2.1434226410429496,0.5303484290599283,False,34
7,y ~ (playlist_genre + loudness + energy) ** 2 + mode + key + danceability + valence + tempo,energy,-2.4845004492211005,0.29177276327544377,-3.0563860454770335,-1.9126148529651674,2.1434226410429496,1.7342751275189943e-17,True,34
7,y ~ (playlist_genre + loudness + energy) ** 2 + mode + key + danceability + valence + tempo,playlist_genre[T.latin]:energy,-1.6177817696952352,0.3635170282362012,-2.3302888252142906,-0.9052747141761799,2.1434226410429496,8.601355847632119e-06,True,34
7,y ~ (playlist_genre + loudness + energy) ** 2 + mode + key + danceability + valence + tempo,playlist_genre[T.pop]:energy,-0.31894981088436675,0.35166781974207717,-1.0082319718356387,0.3703323500669053,2.1434226410429496,0.36443298262991997,False,34
7,y ~ (playlist_genre + loudness + energy) ** 2 + mode + key + danceability + valence + tempo,playlist_genre[T.r&b]:energy,-0.2223528074462501,0.33964593607324245,-0.8880716239890496,0.44336600909654944,2.1434226410429496,0.5126909813886671,False,34
7,y ~ (playlist_genre + loudness + energy) ** 2 + mode + key + danceability + valence + tempo,playlist_genre[T.rap]:energy,1.0069687228525253,0.36089174041094074,0.2996073302680021,1.7143301154370483,2.1434226410429496,0.005270257601536409,True,34
7,y ~ (playlist_genre + loudness + energy) ** 2 + mode + key + danceability + valence + tempo,playlist_genre[T.rock]:energy,1.0492226621831269,0.3614475420986226,0.34077187737435444,1.7576734469918993,2.1434226410429496,0.00370051932487962,True,34
7,y ~ (playlist_genre + loudness + energy) ** 2 + mode + key + danceability + valence + tempo,loudness:energy,0.021316388996144034,0.018708970537361,-0.015353897328672317,0.057986675320960385,2.1434226410429496,0.25455846694730966,False,34
7,y ~ (playlist_genre + loudness + energy) ** 2 + mode + key + danceability + valence + tempo,danceability,0.8331677936596174,0.10296313786952137,0.6313561686406456,1.0349794186785892,2.1434226410429496,6.078535611622e-16,True,34
7,y ~ (playlist_genre + loudness + energy) ** 2 + mode + key + danceability + valence + tempo,valence,-0.062385096523120756,0.06029211372702659,-0.18055990839122038,0.05578971534497888,2.1434226410429496,0.300810245428396,False,34
7,y ~ (playlist_genre + loudness + energy) ** 2 + mode + key + danceability + valence + tempo,tempo,0.001767317298783592,0.0004587005580167581,0.0008682469428686376,0.0026663876546985463,2.1434226410429496,0.00011696367427543919,True,34
